Region,Property_Type,Average_Price,Sales_Volume,Year,Mortgage_Rate,Deposit_Percent,Energy_Rating,New_Build,Buyer_Type,,,,,,,,
Londen,detached,Ł785k,1200,2023,6.10%,18,B,Y,investor,,,,,,,,
South east,Flat,298000,two thousand two hundred,2024,5.4,12,C,no,First-time,,,,,,,,
North West,Terraced,252000,1990,23,6.3,10,D,No,first-time,,,,,,,,
Yorshire,Semi Detached,305000,1840,2024,5.2,15,c,n,Upsizer,,,,,,,,
East Midlands,Flat,218000,,2023,6.5,8,D,No,First-Time,,,,,,,,
West midlands,Detached,435000,1320,2024,5.1,20,B,Yes,investor,,,,,,,,
South West,Terraced,318000,1760,2023,6.4,ten,C,No,First-Time,,,,,,,,
North-East,Flat,168000,1880,2024,5.3,5,D,NO,First-Time,,,,,,,,
East of England,Detached,512000,1490,2023,6.2,22,B,Yes,Upsizer,,,,,,,,
London,Flat,"Ł438,000",2600,2024,5,12,C,No,First-Time,,,,,,,,
South East,Semi-Detached,428000,2050,2024,5.3,15,B,No,Upsizer,,,,,,,,
North west,Detached,392000,1410,2023,6.4,18,C,Yes,Investor,,,,,,,,
Yorkshire,Terraced,240000,2140,2024,5.5,10,D,No,First-Time,,,,,,,,
East midlands,Semi-Detached,322000,1580,2024,5.4,14,C,No,Upsizer,,,,,,,,
West Midlands,Flat,228000,twenty-one hundred,2023,6.6,7,D,No,First-Time,,,,,,,,
South West,Detached,480000,1300,2024,5.2,20,B,Yes,Investor,,,,,,,,
North East,Terraced,212000,1820,2023,6.7,6,D,No,First-Time,,,,,,,,
East of England,Flat,273000,2430,2024,5.1,10,C,No,First-Time,,,,,,,,
London,Terraced,548000,2180,2024,5,15,B,No,Upsizer,,,,,,,,
South East,Detached,568000,1520,2024,5.3,22,A,Yes,Investor,,,,,,,,
North West,Flat,205000,2460,2024,5.4,5,D,No,First-Time,,,,,,,,
Yorkshire,Detached,370000,1330,2023,6.5,20,B,Yes,Upsizer,,,,,,,,
East Midlands,Terraced,278000,1860,2024,5.6,10,C,No,First-Time,,,,,,,,
West Midlands,Semi-Detached,338000,1670,2024,5.3,18,B,No,Upsizer,,,,,,,,
South West,Flat,255000,2270,2024,5.2,12,C,No,First-Time,,,,,,,,
North East,Detached,330000,1080,2024,5.4,25,B,Yes,Investor,,,,,,,,
East of England,Semi-Detached,400000,1890,2024,5.3,15,B,No,Upsizer,,,,,,,,
London,Detached,795000,1290,2024,5.1,20,A,Yes,Investor,,,,,,,,
South East,Terraced,362000,2360,2024,5.4,10,C,No,First-Time,,,,,,,,
North West,Semi-Detached,300000,1900,2023,6.3,12,C,No,Upsizer,,,,,,,,
Yorkshire,Flat,190000,2380,2024,5.5,5,D,No,First-Time,,,,,,,,
East Midlands,Detached,410000,1170,2024,5.2,22,B,Yes,Investor,,,,,,,,
West Midlands,Terraced,285000,1930,2023,6.4,10,C,No,First-Time,,,,,,,,
South West,Semi-Detached,372000,1780,2024,5.3,15,B,No,Upsizer,,,,,,,,
North East,Flat,170000,2070,2024,5.4,8,D,No,First-Time,,,,,,,,
East of England,Detached,518000,1470,2024,5.2,20,B,Yes,Investor,,,,,,,,
London,Flat,432000,2590,2023,6.1,10,C,No,First-Time,,,,,,,,
South East,Semi-Detached,423000,1980,2023,6,12,B,No,Upsizer,,,,,,,,
North West,Terraced,248000,2210,2024,5.5,8,D,No,First-Time,,,,,,,,
Yorkshire,Detached,368000,1310,2024,5.3,18,B,Yes,Investor,,,,,,,,
East Midlands,Flat,214000,2030,2024,5.4,5,D,No,First-Time,,,,,,,,
West Midlands,Detached,438000,1280,2023,6.2,20,B,Yes,Investor,,,,,,,,
South West,Terraced,322000,2010,2024,5.3,10,C,No,First-Time,,,,,,,,
North East,Semi-Detached,268000,1590,2023,6.6,12,C,No,Upsizer,,,,,,,,
East of England,Flat,276000,2460,2024,5.1,10,C,No,First-Time,,,,,,,,
London,Terraced,552000,2200,2023,6,15,B,No,Upsizer,,,,,,,,
South East,Detached,570000,1580,2023,6.1,22,A,Yes,Investor,,,,,,,,
North West,Flat,207000,2430,2023,6.4,5,D,No,First-Time,,,,,,,,
Yorkshire,Semi-Detached,298000,1820,2023,6.3,12,C,No,Upsizer,,,,,,,,
East Midlands,Terraced,272000,1790,2023,6.5,10,C,No,First-Time,,,,,,,,
West Midlands,Flat,223000,2140,2024,5.4,7,D,No,First-Time,,,,,,,,
South West,Detached,488000,1390,2023,6,20,B,Yes,Investor,,,,,,,,
North East,Terraced,208000,1760,2024,5.3,6,D,No,First-Time,,,,,,,,
East of England,Semi-Detached,398000,1830,2023,6.1,15,B,No,Upsizer,,,,,,,,
London,Detached,788000,1260,2023,6.2,20,A,Yes,Investor,,,,,,,,
South East,Flat,292000,2190,2023,6,12,C,No,First-Time,,,,,,,,
North West,Semi-Detached,298000,1870,2024,5.4,14,C,No,Upsizer,,,,,,,,
Yorkshire,Flat,188000,2290,2023,6.5,5,D,No,First-Time,,,,,,,,
East Midlands,Detached,412000,1130,2023,6.3,22,B,Yes,Investor,,,,,,,,
West Midlands,Terraced,284000,1880,2024,5.5,10,C,No,First-Time,,,,,,,,
South West,Semi-Detached,368000,1730,2023,6.1,15,B,No,Upsizer,,,,,,,,
North East,Flat,166000,1980,2023,6.4,8,D,No,First-Time,,,,,,,,
East of England,Detached,508000,1420,2023,6.2,20,B,Yes,Investor,,,,,,,,
London,Flat,436000,2570,2024,5.1,10,C,No,First-Time,,,,,,,,
South East,Semi-Detached,430000,2070,2024,5.3,15,B,No,Upsizer,,,,,,,,
North West,Terraced,254000,2240,2023,6.3,10,D,No,First-Time,,,,,,,,
Yorkshire,Detached,374000,1360,2024,5.4,20,B,Yes,Investor,,,,,,,,
East Midlands,Flat,220000,2120,2023,6.6,8,D,No,First-Time,,,,,,,,
West Midlands,Detached,442000,1340,2024,5.2,20,B,Yes,Investor,,,,,,,,
South West,Terraced,326000,2030,2023,6.1,10,C,No,First-Time,,,,,,,,
North East,Semi-Detached,270000,1620,2024,5.4,12,C,No,Upsizer,,,,,,,,
East of England,Flat,279000,2490,2023,6,10,C,No,First-Time,,,,,,,,
London,Terraced,556000,2230,2024,5.2,15,B,No,Upsizer,,,,,,,,
South East,Detached,575000,1600,2024,5.3,22,A,Yes,Investor,,,,,,,,
North West,Flat,210000,2480,2024,5.4,5,D,No,First-Time,,,,,,,,
Yorkshire,Semi-Detached,300000,1860,2024,5.5,12,C,No,Upsizer,,,,,,,,
East Midlands,Terraced,280000,1900,2024,5.4,10,C,No,First-Time,,,,,,,,
West Midlands,Flat,230000,2180,2023,6.2,7,D,No,First-Time,,,,,,,,
South West,Detached,490000,1410,2024,5.1,20,B,Yes,Investor,,,,,,,,
North East,Terraced,214000,1840,2023,6.5,6,D,No,First-Time,,,,,,,,
East of England,Semi-Detached,405000,1910,2024,5.3,15,B,No,Upsizer,,,,,,,,
London,Detached,792000,1300,2024,5,20,A,Yes,Investor,,,,,,,,
South East,Flat,300000,2250,2024,5.2,12,C,No,First-Time,,,,,,,,
North West,Semi-Detached,310000,1950,2023,6.3,14,C,No,Upsizer,,,,,,,,
Yorkshire,Flat,194000,2400,2024,5.4,5,D,No,First-Time,,,,,,,,
East Midlands,Detached,420000,1190,2024,5.3,22,B,Yes,Investor,,,,,,,,
West Midlands,Terraced,292000,1970,2023,6.4,10,C,No,First-Time,,,,,,,,
South West,Semi-Detached,374000,1800,2024,5.2,15,B,No,Upsizer,,,,,,,,
North East,Flat,172000,2090,2024,5.3,8,D,No,First-Time,,,,,,,,
East of England,Detached,520000,1500,2024,5.1,20,B,Yes,Investor,,,,,,,,
Londen,Detached,Ł805k,one thousand six hundred,2024,5,20,A,YES,Investor,,,,,,,,
South east,Flat,310000,2400,2023,6,12,C,no,First-time,,,,,,,,
North West,Terraced,260000,2360,2024,5.4,10,D,No,First-Time,,,,,,,,
Yorshire,Semi Detached,315000,1980,2023,6.2,15,c,n,Upsizer,,,,,,,,
East Midlands,Flat,225000,2250,2024,5.3,8,D,No,First-Time,,,,,,,,
West midlands,Detached,445000,1400,2023,6.1,20,B,Yes,investor,,,,,,,,
South West,Terraced,330000,2050,2024,5.3,ten,C,No,First-Time,,,,,,,,
North-East,Flat,175000,2200,2023,6.4,5,D,NO,First-Time,,,,,,,,
East of England,Detached,525000,1530,2024,5.1,22,B,Yes,Upsizer,,,,,,,,
London,Flat,"Ł450,000",2680,2024,5,12,C,No,First-Time,,,,,,,,
South East,Semi-Detached,432000,2120,2023,6.1,15,B,No,Upsizer,,,,,,,,
North west,Detached,398000,1460,2024,5.3,18,C,Yes,Investor,,,,,,,,
Yorkshire,Terraced,248000,2200,2023,6.5,10,D,No,First-Time,,,,,,,,
East midlands,Semi-Detached,330000,1620,2024,5.4,14,C,No,Upsizer,,,,,,,,
West Midlands,Flat,232000,2230,2024,5.3,7,D,No,First-Time,,,,,,,,
South West,Detached,495000,1450,2023,6.2,20,B,Yes,Investor,,,,,,,,
North East,Terraced,218000,1880,2024,5.3,6,D,No,First-Time,,,,,,,,
East of England,Flat,282000,2510,2024,5.2,10,C,No,First-Time,,,,,,,,
London,Terraced,560000,2300,2024,5.1,15,B,No,Upsizer,,,,,,,,
South East,Detached,580000,1650,2024,5.3,22,A,Yes,Investor,,,,,,,,
North West,Flat,212000,2500,2023,6.4,5,D,No,First-Time,,,,,,,,
Yorkshire,Detached,380000,1400,2024,5.4,20,B,Yes,Upsizer,,,,,,,,
East Midlands,Terraced,285000,1940,2023,6.5,10,C,No,First-Time,,,,,,,,
West Midlands,Semi-Detached,345000,1700,2024,5.3,18,B,No,Upsizer,,,,,,,,
South West,Flat,270000,2330,2024,5.2,12,C,No,First-Time,,,,,,,,
North East,Detached,340000,1120,2023,6.6,25,B,Yes,Investor,,,,,,,,
East of England,Semi-Detached,410000,1950,2024,5.2,15,B,No,Upsizer,,,,,,,,
London,Detached,810000,1620,2023,6,20,A,Yes,Investor,,,,,,,,
South East,Terraced,370000,2400,2024,5.4,10,C,No,First-Time,,,,,,,,
North West,Semi-Detached,308000,1980,2024,5.5,12,C,No,Upsizer,,,,,,,,
Yorkshire,Flat,198000,2420,2023,6.6,5,D,No,First-Time,,,,,,,,
East Midlands,Detached,425000,1210,2024,5.3,22,B,Yes,Investor,,,,,,,,
West Midlands,Terraced,295000,2000,2023,6.4,10,C,No,First-Time,,,,,,,,
South West,Semi-Detached,380000,1850,2024,5.2,15,B,No,Upsizer,,,,,,,,
North East,Flat,178000,2140,2024,5.4,8,D,No,First-Time,,,,,,,,
East of England,Detached,530000,1550,2023,6.1,20,B,Yes,Investor,,,,,,,,
London,Flat,450000,2700,2023,6,10,C,No,First-Time,,,,,,,,
South East,Semi-Detached,438000,2150,2024,5.3,15,B,No,Upsizer,,,,,,,,
North West,Terraced,262000,2300,2024,5.4,10,D,No,First-Time,,,,,,,,
Yorkshire,Detached,385000,1420,2023,6.2,20,B,Yes,Investor,,,,,,,,
East Midlands,Flat,225000,2180,2024,5.4,5,D,No,First-Time,,,,,,,,
West Midlands,Detached,450000,1380,2024,5.2,20,B,Yes,Investor,,,,,,,,
South West,Terraced,335000,2080,2024,5.3,10,C,No,First-Time,,,,,,,,
North East,Semi-Detached,275000,1650,2023,6.5,12,C,No,Upsizer,,,,,,,,
East of England,Flat,285000,2530,2023,6,10,C,No,First-Time,,,,,,,,
London,Terraced,565000,2320,2023,6.1,15,B,No,Upsizer,,,,,,,,
South East,Detached,585000,1680,2023,6,22,A,Yes,Investor,,,,,,,,
North West,Flat,215000,2520,2024,5.4,5,D,No,First-Time,,,,,,,,
Yorkshire,Semi-Detached,312000,1920,2024,5.5,12,C,No,Upsizer,,,,,,,,
East Midlands,Terraced,290000,1980,2024,5.4,10,C,No,First-Time,,,,,,,,
West Midlands,Flat,235000,2250,2023,6.3,7,D,No,First-Time,,,,,,,,
South West,Detached,500000,1480,2024,5.1,20,B,Yes,Investor,,,,,,,,
North East,Terraced,220000,1900,2023,6.6,6,D,No,First-Time,,,,,,,,
East of England,Semi-Detached,415000,1980,2023,6.1,15,B,No,Upsizer,,,,,,,,
London,Detached,815000,1650,2024,5,20,A,Yes,Investor,,,,,,,,
South East,Flat,310000,2350,2024,5.2,12,C,No,First-Time,,,,,,,,
North West,Semi-Detached,315000,2000,2023,6.3,14,C,No,Upsizer,,,,,,,,
Yorkshire,Flat,200000,2450,2024,5.4,5,D,No,First-Time,,,,,,,,
East Midlands,Detached,430000,1240,2023,6.2,22,B,Yes,Investor,,,,,,,,
West Midlands,Terraced,300000,2030,2024,5.5,10,C,No,First-Time,,,,,,,,
South West,Semi-Detached,385000,1880,2023,6.1,15,B,No,Upsizer,,,,,,,,
North East,Flat,180000,2160,2023,6.4,8,D,No,First-Time,,,,,,,,
East of England,Detached,535000,1580,2024,5.1,20,B,Yes,Investor,,,,,,,,
London,Flat,455000,2720,2024,5,10,C,No,First-Time,,,,,,,,
South East,Semi-Detached,440000,2180,2023,6,15,B,No,Upsizer,,,,,,,,
North West,Terraced,265000,2330,2023,6.3,10,D,No,First-Time,,,,,,,,
Yorkshire,Detached,390000,1450,2024,5.4,20,B,Yes,Investor,,,,,,,,
East Midlands,Flat,230000,2200,2023,6.5,8,D,No,First-Time,,,,,,,,
West Midlands,Detached,455000,1400,2023,6.2,20,B,Yes,Investor,,,,,,,,
South West,Terraced,340000,2100,2023,6.1,10,C,No,First-Time,,,,,,,,
North East,Semi-Detached,278000,1680,2024,5.4,12,C,No,Upsizer,,,,,,,,
East of England,Flat,290000,2550,2024,5.2,10,C,No,First-Time,,,,,,,,
London,Terraced,570000,2350,2024,5.1,15,B,No,Upsizer,,,,,,,,
South East,Detached,590000,1700,2024,5.3,22,A,Yes,Investor,,,,,,,,
North West,Flat,218000,2550,2023,6.4,5,D,No,First-Time,,,,,,,,
Yorkshire,Semi-Detached,318000,1950,2024,5.5,12,C,No,Upsizer,,,,,,,,
East Midlands,Terraced,295000,2000,2023,6.6,10,C,No,First-Time,,,,,,,,
West Midlands,Flat,240000,2280,2024,5.3,7,D,No,First-Time,,,,,,,,
South West,Detached,505000,1500,2023,6,20,B,Yes,Investor,,,,,,,,
North East,Terraced,225000,1930,2024,5.3,6,D,No,First-Time,,,,,,,,
East of England,Semi-Detached,420000,2000,2024,5.2,15,B,No,Upsizer,,,,,,,,
London,Detached,820000,1680,2023,6.1,20,A,Yes,Investor,,,,,,,,
South East,Flat,315000,2380,2023,6,12,C,No,First-Time,,,,,,,,
North West,Semi-Detached,320000,2030,2024,5.4,14,C,No,Upsizer,,,,,,,,
Yorkshire,Flat,205000,2480,2023,6.5,5,D,No,First-Time,,,,,,,,
East Midlands,Detached,435000,1260,2024,5.3,22,B,Yes,Investor,,,,,,,,
West Midlands,Terraced,305000,2050,2023,6.4,10,C,No,First-Time,,,,,,,,
South West,Semi-Detached,390000,1900,2024,5.2,15,B,No,Upsizer,,,,,,,,
North East,Flat,182000,2180,2024,5.4,8,D,No,First-Time,,,,,,,,
East of England,Detached,540000,1600,2023,6.1,20,B,Yes,Investor,,,,,,,,
London,Detached,Ł825k,1700,2024,5,20,A,YES,Investor,,,,,,,,
South east,Flat,318000,2400,2023,6,12,C,no,First-time,,,,,,,,
North West,Terraced,270000,2360,2024,5.4,10,D,No,First-Time,,,,,,,,
Yorshire,Semi Detached,320000,1980,2023,6.2,15,c,n,Upsizer,,,,,,,,
East Midlands,Flat,232000,2250,2024,5.3,8,D,No,First-Time,,,,,,,,
West midlands,Detached,460000,1420,2023,6.1,20,B,Yes,investor,,,,,,,,
South West,Terraced,345000,2120,2024,5.3,ten,C,No,First-Time,,,,,,,,
North-East,Flat,185000,2200,2023,6.4,5,D,NO,First-Time,,,,,,,,
East of England,Detached,545000,1620,2024,5.2,22,B,Yes,Upsizer,,,,,,,,
London,Flat,"Ł460,000",2750,2024,5,12,C,No,First-Time,,,,,,,,
South East,Semi-Detached,450000,2200,2024,5.3,15,B,No,Upsizer,,,,,,,,
North west,Detached,405000,1500,2023,6.3,18,C,Yes,Investor,,,,,,,,
Yorkshire,Terraced,255000,2300,2024,5.5,10,D,No,First-Time,,,,,,,,
East midlands,Semi-Detached,340000,1700,2023,6.1,14,C,No,Upsizer,,,,,,,,
West Midlands,Flat,245000,2300,2024,5.3,7,D,No,First-Time,,,,,,,,
South West,Detached,510000,1520,2024,5.1,20,B,Yes,Investor,,,,,,,,
North East,Terraced,230000,1950,2023,6.5,6,D,No,First-Time,,,,,,,,
East of England,Flat,295000,2580,2024,5.2,10,C,No,First-Time,,,,,,,,
London,Terraced,575000,2400,2023,6,15,B,No,Upsizer,,,,,,,,
South East,Detached,600000,1750,2024,5.3,22,A,Yes,Investor,,,,,,,,
North West,Flat,225000,2600,2024,5.4,5,D,No,First-Time,,,,,,,,
Yorkshire,Detached,395000,1480,2023,6.2,20,B,Yes,Upsizer,,,,,,,,
East Midlands,Terraced,300000,2050,2024,5.4,10,C,No,First-Time,,,,,,,,
West Midlands,Semi-Detached,355000,1780,2023,6.1,18,B,No,Upsizer,,,,,,,,
South West,Flat,280000,2400,2024,5.2,12,C,No,First-Time,,,,,,,,
North East,Detached,350000,1180,2024,5.4,25,B,Yes,Investor,,,,,,,,
East of England,Semi-Detached,430000,2050,2024,5.2,15,B,No,Upsizer,,,,,,,,
London,Detached,830000,1720,2023,6,20,A,Yes,Investor,,,,,,,,
South East,Terraced,380000,2450,2023,6.1,10,C,No,First-Time,,,,,,,,
North West,Semi-Detached,330000,2100,2024,5.4,12,C,No,Upsizer,,,,,,,,
Yorkshire,Flat,210000,2500,2024,5.4,5,D,No,First-Time,,,,,,,,
East Midlands,Detached,440000,1300,2023,6.2,22,B,Yes,Investor,,,,,,,,
West Midlands,Terraced,310000,2100,2024,5.5,10,C,No,First-Time,,,,,,,,
South West,Semi-Detached,395000,1950,2024,5.2,15,B,No,Upsizer,,,,,,,,
North East,Flat,188000,2250,2024,5.4,8,D,No,First-Time,,,,,,,,
East of England,Detached,550000,1650,2023,6.1,20,B,Yes,Investor,,,,,,,,
London,Flat,470000,2800,2024,5,10,C,No,First-Time,,,,,,,,
South East,Semi-Detached,455000,2250,2023,6,15,B,No,Upsizer,,,,,,,,
North West,Terraced,275000,2380,2023,6.3,10,D,No,First-Time,,,,,,,,
Yorkshire,Detached,400000,1500,2024,5.4,20,B,Yes,Investor,,,,,,,,
East Midlands,Flat,235000,2300,2023,6.5,8,D,No,First-Time,,,,,,,,
West Midlands,Detached,470000,1450,2024,5.2,20,B,Yes,Investor,,,,,,,,
South West,Terraced,350000,2150,2023,6.1,10,C,No,First-Time,,,,,,,,
North East,Semi-Detached,285000,1700,2024,5.4,12,C,No,Upsizer,,,,,,,,
East of England,Flat,300000,2600,2024,5.2,10,C,No,First-Time,,,,,,,,
London,Terraced,580000,2430,2024,5.1,15,B,No,Upsizer,,,,,,,,
South East,Detached,605000,1780,2024,5.3,22,A,Yes,Investor,,,,,,,,
North West,Flat,230000,2650,2023,6.4,5,D,No,First-Time,,,,,,,,
Yorkshire,Semi-Detached,325000,2000,2024,5.5,12,C,No,Upsizer,,,,,,,,
East Midlands,Terraced,305000,2080,2023,6.6,10,C,No,First-Time,,,,,,,,
West Midlands,Flat,250000,2330,2024,5.3,7,D,No,First-Time,,,,,,,,
South West,Detached,515000,1550,2023,6,20,B,Yes,Investor,,,,,,,,
North East,Terraced,235000,1980,2024,5.3,6,D,No,First-Time,,,,,,,,
East of England,Semi-Detached,435000,2080,2024,5.2,15,B,No,Upsizer,,,,,,,,
London,Detached,840000,1750,2024,5,20,A,Yes,Investor,,,,,,,,
South East,Flat,320000,2420,2024,5.2,12,C,No,First-Time,,,,,,,,
North West,Semi-Detached,335000,2120,2023,6.3,14,C,No,Upsizer,,,,,,,,
Yorkshire,Flat,215000,2520,2023,6.5,5,D,No,First-Time,,,,,,,,
East Midlands,Detached,445000,1320,2024,5.3,22,B,Yes,Investor,,,,,,,,
West Midlands,Terraced,315000,2120,2023,6.4,10,C,No,First-Time,,,,,,,,
South West,Semi-Detached,400000,1980,2024,5.2,15,B,No,Upsizer,,,,,,,,
North East,Flat,190000,2280,2024,5.4,8,D,No,First-Time,,,,,,,,
East of England,Detached,555000,1680,2024,5.1,20,B,Yes,Investor,,,,,,,,
London,Flat,475000,2820,2023,6,10,C,No,First-Time,,,,,,,,
South East,Semi-Detached,460000,2280,2024,5.3,15,B,No,Upsizer,,,,,,,,
North West,Terraced,280000,2400,2024,5.4,10,D,No,First-Time,,,,,,,,
Yorkshire,Detached,405000,1520,2023,6.2,20,B,Yes,Investor,,,,,,,,
East Midlands,Flat,240000,2350,2024,5.4,8,D,No,First-Time,,,,,,,,
West Midlands,Detached,475000,1480,2023,6.2,20,B,Yes,Investor,,,,,,,,
South West,Terraced,355000,2180,2024,5.3,10,C,No,First-Time,,,,,,,,
North East,Semi-Detached,290000,1720,2023,6.5,12,C,No,Upsizer,,,,,,,,
East of England,Flat,305000,2620,2023,6,10,C,No,First-Time,,,,,,,,
London,Terraced,585000,2460,2023,6.1,15,B,No,Upsizer,,,,,,,,
South East,Detached,610000,1800,2023,6,22,A,Yes,Investor,,,,,,,,
North West,Flat,235000,2680,2024,5.4,5,D,No,First-Time,,,,,,,,
Yorkshire,Semi-Detached,330000,2050,2024,5.5,12,C,No,Upsizer,,,,,,,,
East Midlands,Terraced,310000,2100,2024,5.4,10,C,No,First-Time,,,,,,,,
West Midlands,Flat,255000,2360,2023,6.3,7,D,No,First-Time,,,,,,,,
South West,Detached,520000,1580,2024,5.1,20,B,Yes,Investor,,,,,,,,
North East,Terraced,240000,2000,2023,6.6,6,D,No,First-Time,,,,,,,,
East of England,Semi-Detached,440000,2100,2024,5.2,15,B,No,Upsizer,,,,,,,,
London,Detached,845000,1780,2024,5,20,A,Yes,Investor,,,,,,,,
South East,Flat,325000,2450,2023,6,12,C,No,First-Time,,,,,,,,
North West,Semi-Detached,340000,2150,2024,5.4,14,C,No,Upsizer,,,,,,,,
Yorkshire,Flat,220000,2550,2024,5.4,5,D,No,First-Time,,,,,,,,
East Midlands,Detached,450000,1350,2023,6.2,22,B,Yes,Investor,,,,,,,,
West Midlands,Terraced,320000,2140,2024,5.5,10,C,No,First-Time,,,,,,,,
South West,Semi-Detached,405000,2000,2023,6.1,15,B,No,Upsizer,,,,,,,,
North East,Flat,195000,2300,2023,6.4,8,D,No,First-Time,,,,,,,,
East of England,Detached,560000,1700,2024,5.1,20,B,Yes,Investor,,,,,,,,
Londen,Detached,Ł860k,1820,2024,5,20,A,YES,Investor,,,,,,,,
South east,Flat,330000,2500,2024,5.2,12,C,no,First-time,,,,,,,,
North West,Terraced,290000,2480,2023,6.3,10,D,No,First-Time,,,,,,,,
Yorshire,Semi Detached,340000,2100,2024,5.4,15,c,n,Upsizer,,,,,,,,
East Midlands,Flat,250000,2400,2023,6.5,8,D,No,First-Time,,,,,,,,
West midlands,Detached,490000,1550,2024,5.2,20,B,Yes,investor,,,,,,,,
South West,Terraced,360000,2250,2024,5.3,ten,C,No,First-Time,,,,,,,,
North-East,Flat,200000,2350,2023,6.4,5,D,NO,First-Time,,,,,,,,
East of England,Detached,570000,1750,2024,5.1,22,B,Yes,Upsizer,,,,,,,,
London,Flat,"Ł490,000",2900,2024,5,12,C,No,First-Time,,,,,,,,
South East,Semi-Detached,470000,2350,2023,6,15,B,No,Upsizer,,,,,,,,
North west,Detached,420000,1600,2024,5.3,18,C,Yes,Investor,,,,,,,,
Yorkshire,Terraced,270000,2450,2023,6.5,10,D,No,First-Time,,,,,,,,
East midlands,Semi-Detached,360000,1850,2024,5.4,14,C,No,Upsizer,,,,,,,,
West Midlands,Flat,260000,2450,2024,5.3,7,D,No,First-Time,,,,,,,,
South West,Detached,530000,1650,2023,6,20,B,Yes,Investor,,,,,,,,
North East,Terraced,250000,2100,2024,5.3,6,D,No,First-Time,,,,,,,,
East of England,Flat,315000,2700,2024,5.2,10,C,No,First-Time,,,,,,,,
London,Terraced,600000,2550,2023,6.1,15,B,No,Upsizer,,,,,,,,
South East,Detached,620000,1900,2024,5.3,22,A,Yes,Investor,,,,,,,,
North West,Flat,245000,2750,2024,5.4,5,D,No,First-Time,,,,,,,,
Yorkshire,Detached,420000,1600,2023,6.2,20,B,Yes,Upsizer,,,,,,,,
East Midlands,Terraced,320000,2200,2024,5.4,10,C,No,First-Time,,,,,,,,
West Midlands,Semi-Detached,370000,1900,2023,6.1,18,B,No,Upsizer,,,,,,,,
South West,Flat,295000,2550,2024,5.2,12,C,No,First-Time,,,,,,,,
North East,Detached,365000,1300,2024,5.4,25,B,Yes,Investor,,,,,,,,
East of England,Semi-Detached,455000,2200,2024,5.2,15,B,No,Upsizer,,,,,,,,
London,Detached,870000,1850,2023,6,20,A,Yes,Investor,,,,,,,,
South East,Terraced,400000,2600,2023,6.1,10,C,No,First-Time,,,,,,,,
North West,Semi-Detached,350000,2250,2024,5.4,12,C,No,Upsizer,,,,,,,,
Yorkshire,Flat,230000,2650,2024,5.4,5,D,No,First-Time,,,,,,,,
East Midlands,Detached,460000,1400,2023,6.2,22,B,Yes,Investor,,,,,,,,
West Midlands,Terraced,330000,2300,2024,5.5,10,C,No,First-Time,,,,,,,,
South West,Semi-Detached,420000,2100,2024,5.2,15,B,No,Upsizer,,,,,,,,
North East,Flat,205000,2400,2024,5.4,8,D,No,First-Time,,,,,,,,
East of England,Detached,580000,1780,2023,6.1,20,B,Yes,Investor,,,,,,,,
London,Flat,500000,2950,2024,5,10,C,No,First-Time,,,,,,,,
South East,Semi-Detached,480000,2400,2024,5.3,15,B,No,Upsizer,,,,,,,,
North West,Terraced,300000,2550,2024,5.4,10,D,No,First-Time,,,,,,,,
Yorkshire,Detached,430000,1650,2023,6.2,20,B,Yes,Investor,,,,,,,,
East Midlands,Flat,255000,2450,2024,5.4,8,D,No,First-Time,,,,,,,,
West Midlands,Detached,495000,1600,2023,6.2,20,B,Yes,Investor,,,,,,,,
South West,Terraced,365000,2300,2024,5.3,10,C,No,First-Time,,,,,,,,
North East,Semi-Detached,300000,1800,2023,6.5,12,C,No,Upsizer,,,,,,,,
East of England,Flat,320000,2750,2023,6,10,C,No,First-Time,,,,,,,,
London,Terraced,610000,2600,2024,5.1,15,B,No,Upsizer,,,,,,,,
South East,Detached,630000,1950,2024,5.3,22,A,Yes,Investor,,,,,,,,
North West,Flat,250000,2800,2023,6.4,5,D,No,First-Time,,,,,,,,
Yorkshire,Semi-Detached,345000,2150,2024,5.5,12,C,No,Upsizer,,,,,,,,
East Midlands,Terraced,330000,2250,2023,6.6,10,C,No,First-Time,,,,,,,,
West Midlands,Flat,270000,2550,2024,5.3,7,D,No,First-Time,,,,,,,,
South West,Detached,540000,1750,2024,5.1,20,B,Yes,Investor,,,,,,,,
North East,Terraced,260000,2150,2023,6.6,6,D,No,First-Time,,,,,,,,
East of England,Semi-Detached,465000,2300,2024,5.2,15,B,No,Upsizer,,,,,,,,
London,Detached,880000,1900,2024,5,20,A,Yes,Investor,,,,,,,,
South East,Flat,340000,2550,2023,6,12,C,No,First-Time,,,,,,,,
North West,Semi-Detached,360000,2300,2024,5.4,14,C,No,Upsizer,,,,,,,,
Yorkshire,Flat,235000,2700,2023,6.5,5,D,No,First-Time,,,,,,,,
East Midlands,Detached,470000,1450,2024,5.3,22,B,Yes,Investor,,,,,,,,
West Midlands,Terraced,340000,2350,2023,6.4,10,C,No,First-Time,,,,,,,,
South West,Semi-Detached,430000,2150,2024,5.2,15,B,No,Upsizer,,,,,,,,
North East,Flat,210000,2450,2024,5.4,8,D,No,First-Time,,,,,,,,
East of England,Detached,590000,1800,2024,5.1,20,B,Yes,Investor,,,,,,,,
London,Flat,510000,3000,2023,6,10,C,No,First-Time,,,,,,,,
South East,Semi-Detached,490000,2450,2024,5.3,15,B,No,Upsizer,,,,,,,,
North West,Terraced,300000,2550,2024,5.4,10,D,No,First-Time,,,,,,,,
Yorkshire,Detached,440000,1700,2023,6.2,20,B,Yes,Investor,,,,,,,,
East Midlands,Flat,260000,2500,2024,5.4,8,D,No,First-Time,,,,,,,,
West Midlands,Detached,500000,1650,2023,6.2,20,B,Yes,Investor,,,,,,,,
South West,Terraced,370000,2350,2024,5.3,10,C,No,First-Time,,,,,,,,
North East,Semi-Detached,310000,1850,2023,6.5,12,C,No,Upsizer,,,,,,,,
East of England,Flat,325000,2800,2024,5.2,10,C,No,First-Time,,,,,,,,
London,Terraced,620000,2650,2024,5.1,15,B,No,Upsizer,,,,,,,,
South East,Detached,640000,2000,2024,5.3,22,A,Yes,Investor,,,,,,,,
North West,Flat,255000,2850,2023,6.4,5,D,No,First-Time,,,,,,,,
Yorkshire,Semi-Detached,350000,2200,2024,5.5,12,C,No,Upsizer,,,,,,,,
East Midlands,Terraced,335000,2300,2024,5.4,10,C,No,First-Time,,,,,,,,
West Midlands,Flat,270000,2550,2023,6.3,7,D,No,First-Time,,,,,,,,
South West,Detached,550000,1750,2024,5.1,20,B,Yes,Investor,,,,,,,,
North East,Terraced,270000,2200,2023,6.6,6,D,No,First-Time,,,,,,,,
East of England,Semi-Detached,470000,2300,2024,5.2,15,B,No,Upsizer,,,,,,,,
London,Detached,890000,1950,2024,5,20,A,Yes,Investor,,,,,,,,
North West,Terraced,252000,,2023,6.3,ten,D,No,first-time,,,,,,,,
Yorshire,Semi Detached,305000,1840,20??,5.two,15,c,<null>,Upsizer,,,,,,,,
East Midlands,Flat,218000,###ERROR###,2023,6.5,8,D,No,First-Time,,,,,,,,
West midlands,Detached,435000,1320,2024,5.1,20,B,Yes,investor,,,,,,,,
South West,Terraced,318000,1760,2023,6.4,ten,C,No,First-Time,,,,,,,,
North-East,Flat,168000,1880,2024,5.3,5,D,NO,First-Time,,,,,,,,
East of England,Detached,512000,1490,2023,6.2,22,B,Yes,Upsizer,,,,,,,,
London,Flat,"Ł438,000",2600,2024,5,12,C,No,First-Time,,,,,,,,
South East,Semi-Detached,428000,2050,2024,5.3,15,B,No,Upsizer,,,,,,,,
North west,Detached,392000,1410,2023,6.4,18,C,Yes,Investor,,,,,,,,
Yorkshire,Terraced,240000,2140,2024,5.5,10,D,No,First-Time,,,,,,,,
East midlands,Semi-Detached,322000,1580,2024,5.4,14,C,No,Upsizer,,,,,,,,
West Midlands,Flat,228000,2100ish,2023,6.6,7,D,No,First-Time,,,,,,,,
South West,Detached,480000,1300,2024,5.2,20,B,Yes,Investor,,,,,,,,
North East,Terraced,212000,1820,2023,6.7,6,D,No,First-Time,,,,,,,,
East of England,Flat,273000,2430,2024,5.1,10,C,No,First-Time,,,,,,,,
London,Terraced,548000,2180,2024,5,15,B,No,Upsizer,,,,,,,,
South East,Detached,568000,1520,2024,5.3,22,A,Yes,Investor,,,,,,,,
North West,Flat,205000,2460,2024,5.4,5,D,No,First-Time,,,,,,,,
Yorkshire,Detached,370000,1330,2023,6.5,20,B,Yes,Upsizer,,,,,,,,
East Midlands,Terraced,278000,1860,2024,5.6,10,C,No,First-Time,,,,,,,,
West Midlands,Semi-Detached,338000,1670,2024,5.3,18,B,No,Upsizer,,,,,,,,
South West,Flat,255000,2270,2024,5.2,12,C,No,First-Time,,,,,,,,
North East,Detached,330000,1080,2024,5.4,25,B,Yes,Investor,,,,,,,,
East of England,Semi-Detached,400000,1890,2024,5.3,15,B,No,Upsizer,,,,,,,,
London,Detached,795000,1290,2024,5.1,20,A,Yes,Investor,,,,,,,,
South East,Terraced,362000,2360,2024,5.4,10,C,No,First-Time,,,,,,,,
North West,Semi-Detached,300000,1900,2023,6.3,12,C,No,Upsizer,,,,,,,,
Yorkshire,Flat,190000,2380,2024,5.5,5,D,No,First-Time,,,,,,,,
East Midlands,Detached,410000,1170,2024,5.2,22,B,Yes,Investor,,,,,,,,
West Midlands,Terraced,285000,1930,2023,6.4,10,C,No,First-Time,,,,,,,,
South West,Semi-Detached,372000,1780,2024,5.3,15,B,No,Upsizer,,,,,,,,
North East,Flat,170000,2070,2024,5.4,8,D,No,First-Time,,,,,,,,
East of England,Detached,518000,1470,2024,5.2,20,B,Yes,Investor,,,,,,,,
London,Flat,432000,2590,2023,6.1,10,C,No,First-Time,,,,,,,,
South East,Semi-Detached,423000,1980,2023,6,12,B,No,Upsizer,,,,,,,,
North West,Terraced,248000,2210,2024,5.5,8,D,No,First-Time,,,,,,,,
Yorkshire,Detached,368000,1310,2024,5.3,18,B,Yes,Investor,,,,,,,,
East Midlands,Flat,214000,2030,2024,5.4,5,D,No,First-Time,,,,,,,,
West Midlands,Detached,438000,1280,2023,6.2,20,B,Yes,Investor,,,,,,,,
South West,Terraced,322000,2010,2024,5.3,10,C,No,First-Time,,,,,,,,
North East,Semi-Detached,268000,1590,2023,6.6,12,C,No,Upsizer,,,,,,,,
East of England,Flat,276000,2460,2024,5.1,10,C,No,First-Time,,,,,,,,
London,Terraced,552000,2200,2023,6,15,B,No,Upsizer,,,,,,,,
South East,Detached,570000,1580,2023,6.1,22,A,Yes,Investor,,,,,,,,
North West,Flat,207000,2430,2023,6.4,5,D,No,First-Time,,,,,,,,
Yorkshire,Semi-Detached,298000,1820,2023,6.3,12,C,No,Upsizer,,,,,,,,
East Midlands,Terraced,272000,1790,2023,6.5,10,C,No,First-Time,,,,,,,,
West Midlands,Flat,223000,2140,2024,5.4,7,D,No,First-Time,,,,,,,,
South West,Detached,488000,1390,2023,6,20,B,Yes,Investor,,,,,,,,
North East,Terraced,208000,1760,2024,5.3,6,D,No,First-Time,,,,,,,,
East of England,Semi-Detached,398000,1830,2023,6.1,15,B,No,Upsizer,,,,,,,,
London,Detached,788000,1260,2023,6.2,20,A,Yes,Investor,,,,,,,,
South East,Flat,292000,2190,2023,6,12,C,No,First-Time,,,,,,,,
North West,Semi-Detached,298000,1870,2024,5.4,14,C,No,Upsizer,,,,,,,,
Yorkshire,Flat,188000,2290,2023,6.5,5,D,No,First-Time,,,,,,,,
East Midlands,Detached,412000,1130,2023,6.3,22,B,Yes,Investor,,,,,,,,
West Midlands,Terraced,284000,1880,2024,5.5,10,C,No,First-Time,,,,,,,,
South West,Semi-Detached,368000,1730,2023,6.1,15,B,No,Upsizer,,,,,,,,
North East,Flat,166000,1980,2023,6.4,8,D,No,First-Time,,,,,,,,
East of England,Detached,508000,1420,2023,6.2,20,B,Yes,Investor,,,,,,,,
London,Flat,436000,2570,2024,5.1,10,C,No,First-Time,,,,,,,,
South East,Semi-Detached,430000,2070,2024,5.3,15,B,No,Upsizer,,,,,,,,
North West,Terraced,254000,2240,2023,6.3,10,D,No,First-Time,,,,,,,,
Yorkshire,Detached,374000,1360,2024,5.4,20,B,Yes,Investor,,,,,,,,
East Midlands,Flat,220000,2120,2023,6.6,8,D,No,First-Time,,,,,,,,
West Midlands,Detached,442000,1340,2024,5.2,20,B,Yes,Investor,,,,,,,,
South West,Terraced,326000,2030,2023,6.1,10,C,No,First-Time,,,,,,,,
North East,Semi-Detached,270000,1620,2024,5.4,12,C,No,Upsizer,,,,,,,,
East of England,Flat,279000,2490,2023,6,10,C,No,First-Time,,,,,,,,
London,Terraced,556000,2230,2024,5.2,15,B,No,Upsizer,,,,,,,,
South East,Detached,575000,1600,2024,5.3,22,A,Yes,Investor,,,,,,,,
North West,Flat,210000,2480,2024,5.4,5,D,No,First-Time,,,,,,,,
East Midlands,Terraced,280000,1900,2024,5.4,10,C,No,First-Time,,,,,,,,
Yorshire,Semi Detached,315000,1980,20??,5.two,15,c,<null>,Upsizer,??,,,,,,,
East Midlands,Flat,225000,2250,2024,5.3,8,D,No,First-Time,###BROKEN###,,,,,,,
West midlands,Detached,445000,1400,2023,6.1,20,B,Yes,investor,<xml><crash>,,,,,,,
South West,Terraced,330000,2050,2024,5.3,ten,C,No,First-Time,?????,,,,,,,
North-East,Flat,175000,2200,2023,6.4,5,D,NO,First-Time,ROW_BREAK\nHERE,,,,,,,
East of England,Detached,525000,1530,2024,5.1,22,B,Yes,Upsizer,|inject|,,,,,,,
London,Flat,"Ł450,000",2680,2024,5,12,C,No,First-Time,????,,,,,,,
South East,Semi-Detached,432000,2120,2023,6.1,15,B,No,Upsizer,</html>,,,,,,,
North west,Detached,398000,1460,2024,5.3,18,C,Yes,Investor,undefined,,,,,,,
Yorkshire,Terraced,248000,2200,2023,6.5,10,D,No,First-Time,??,,,,,,,
East midlands,Semi-Detached,330000,1620,2024,5.4,14,C,No,Upsizer,NaN,,,,,,,
West Midlands,Flat,232000,2230,2024,5.3,7,D,No,First-Time,ROW_SPLIT\nROW_SPLIT,,,,,,,
South West,Detached,495000,1450,2023,6.2,20,B,Yes,Investor,????,,,,,,,
North East,Terraced,218000,1880,2024,5.3,6,D,No,First-Time,SQL:{TRUNCATE Houses;},,,,,,,
East of England,Flat,282000,2510,2024,5.2,10,C,No,First-Time,random_text,,,,,,,
London,Terraced,560000,2300,2024,5.1,15,B,No,Upsizer,"{""broken"":true}",,,,,,,
South East,Detached,580000,1650,2024,5.3,22,A,Yes,Investor,????,,,,,,,
North West,Flat,212000,2500,2023,6.4,5,D,No,First-Time,ROW_INSIDE,,,,,,,
Yorkshire,Detached,380000,1400,2024,5.4,20,B,Yes,Upsizer,|pipe|chaos|,,,,,,,
East Midlands,Terraced,285000,1940,2023,6.5,10,C,No,First-Time,</broken>,,,,,,,
West Midlands,Semi-Detached,345000,1700,2024,5.3,18,B,No,Upsizer,??,,,,,,,
South West,Flat,270000,2330,2024,5.2,12,C,No,First-Time,,,,,,,,
North East,Detached,340000,1120,2023,6.6,25,B,Yes,Investor,ŁŁŁ,,,,,,,
East of England,Semi-Detached,410000,1950,2024,5.2,15,B,No,Upsizer,<tag>broken<tag>,,,,,,,
London,Detached,810000,1620,2023,6,20,A,Yes,Investor,???,,,,,,,
South East,Terraced,370000,2400,2024,5.4,10,C,No,First-Time,???,,,,,,,
North West,Semi-Detached,308000,1980,2024,5.5,12,C,No,Upsizer,ROW\nBREAK,,,,,,,
Yorkshire,Flat,198000,2420,2023,6.6,5,D,No,First-Time,<script>alert(2)</script>,,,,,,,
East Midlands,Detached,425000,1210,2024,5.3,22,B,Yes,Investor,??,,,,,,,
West Midlands,Terraced,295000,2000,2023,6.4,10,C,No,First-Time,corrupt_value,,,,,,,
South West,Semi-Detached,380000,1850,2024,5.2,15,B,No,Upsizer,ROW_START\nROW_END,,,,,,,
North East,Flat,178000,2140,2024,5.4,8,D,No,First-Time,???,,,,,,,
East of England,Detached,530000,1550,2023,6.1,20,B,Yes,Investor,??,,,,,,,
London,Flat,450000,2700,2023,6,10,C,No,First-Time,EXTRA,FIELD,,,,,,
South East,Semi-Detached,438000,2150,2024,5.3,15,B,No,Upsizer,????,,,,,,,
North West,Terraced,262000,2300,2024,5.4,10,D,No,First-Time,broken,,comma,,,,,
Yorkshire,Detached,385000,1420,2023,6.2,20,B,Yes,Investor,,,,,,,,
East Midlands,Flat,225000,2180,2024,5.4,5,D,No,First-Time,??,,,,,,,
West Midlands,Detached,450000,1380,2024,5.2,20,B,Yes,Investor,ROW_START AGAIN,,,,,,,
South West,Terraced,335000,2080,2024,5.3,10,C,No,First-Time,</>,,,,,,,
North East,Semi-Detached,275000,1650,2023,6.5,12,C,No,Upsizer,??,,,,,,,
East of England,Flat,285000,2530,2023,6,10,C,No,First-Time,,,,,,,,
London,Terraced,565000,2320,2023,6.1,15,B,No,Upsizer,????,,,,,,,
South East,Detached,585000,1680,2023,6,22,A,Yes,Investor,,,,,,,,
North West,Flat,215000,2520,2024,5.4,5,D,No,First-Time,?,,,,,,,
Yorkshire,Semi-Detached,312000,1920,2024,5.5,12,C,No,Upsizer,,,,,,,,
East Midlands,Terraced,290000,1980,2024,5.4,10,C,No,First-Time,??,,,,,,,
West Midlands,Flat,235000,2250,2023,6.3,7,D,No,First-Time,,,,,,,,
South West,Detached,500000,1480,2024,5.1,20,B,Yes,Investor,??,,,,,,,
North East,Terraced,220000,1900,2023,6.6,6,D,No,First-Time,,,,,,,,
East of England,Semi-Detached,415000,1980,2023,6.1,15,B,No,Upsizer,,,,,,,,
London,Detached,815000,1650,2024,5,20,A,Yes,Investor,,,,,,,,
South East,Flat,310000,2350,2024,5.2,12,C,No,First-Time,,,,,,,,
North West,Semi-Detached,315000,2000,2023,6.3,14,C,No,Upsizer,,,,,,,,
Yorkshire,Flat,200000,2450,2024,5.4,5,D,No,First-Time,,,,,,,,
East Midlands,Detached,430000,1240,2023,6.2,22,B,Yes,Investor,,,,,,,,
West Midlands,Terraced,300000,2030,2024,5.5,10,C,No,First-Time,,,,,,,,
South West,Semi-Detached,385000,1880,2023,6.1,15,B,No,Upsizer,,,,,,,,
North East,Flat,180000,2160,2023,6.4,8,D,No,First-Time,,,,,,,,
East of England,Detached,535000,1580,2024,5.1,20,B,Yes,Investor,,,,,,,,
London,Flat,455000,2720,2024,5,10,C,No,First-Time,,,,,,,,
South East,Semi-Detached,440000,2180,2023,6,15,B,No,Upsizer,,,,,,,,
North West,Terraced,265000,2330,2023,6.3,10,D,No,First-Time,,,,,,,,
Yorkshire,Detached,390000,1450,2024,5.4,20,B,Yes,Investor,,,,,,,,
East Midlands,Flat,230000,2200,2023,6.5,8,D,No,First-Time,,,,,,,,
West Midlands,Detached,455000,1400,2023,6.2,20,B,Yes,Investor,,,,,,,,
South West,Terraced,340000,2100,2023,6.1,10,C,No,First-Time,,,,,,,,
North East,Semi-Detached,278000,1680,2024,5.4,12,C,No,Upsizer,,,,,,,,
East of England,Flat,290000,2550,2024,5.2,10,C,No,First-Time,,,,,,,,
London,Terraced,570000,2350,2024,5.1,15,B,No,Upsizer,,,,,,,,
South East,Detached,590000,1700,2024,5.3,22,A,Yes,Investor,,,,,,,,
North West,Flat,218000,2550,2023,6.4,5,D,No,First-Time,,,,,,,,
Yorkshire,Semi-Detached,318000,1950,2024,5.5,12,C,No,Upsizer,,,,,,,,
East Midlands,Terraced,295000,2000,2023,6.6,10,C,No,First-Time,,,,,,,,
West Midlands,Flat,240000,2280,2024,5.3,7,D,No,First-Time,,,,,,,,
South West,Detached,505000,1500,2023,6,20,B,Yes,Investor,,,,,,,,
North East,Terraced,225000,1930,2024,5.3,6,D,No,First-Time,,,,,,,,
East of England,Semi-Detached,420000,2000,2024,5.2,15,B,No,Upsizer,,,,,,,,
London,Detached,820000,1680,2023,6.1,20,A,Yes,Investor,,,,,,,,
South East,Flat,315000,2380,2023,6,12,C,No,First-Time,,,,,,,,
North West,Semi-Detached,320000,2030,2024,5.4,14,C,No,Upsizer,,,,,,,,
Yorkshire,Flat,205000,2480,2023,6.5,5,D,No,First-Time,,,,,,,,
East Midlands,Detached,435000,1260,2024,5.3,22,B,Yes,Investor,,,,,,,,
West Midlands,Terraced,305000,2050,2023,6.4,10,C,No,First-Time,,,,,,,,
South West,Semi-Detached,390000,1900,2024,5.2,15,B,No,Upsizer,,,,,,,,
North East,Flat,182000,2180,2024,5.4,8,D,No,First-Time,,,,,,,,
East of England,Detached,540000,1600,2023,6.1,20,B,Yes,Investor,,,,,,,,
Yorshire,Semi Detached,325000,1980,20??,5.two,15,c,<null>,Upsizer,??,,,,,,,
East Midlands,Flat,230000,2250,2023,6.5,8,D,No,First-Time,###ERR###,,,,,,,
West midlands,Detached,455000,1400,2024,5.1,20,B,Yes,investor,<xml><crash>,,,,,,,
South West,Terraced,340000,2050,2024,5.3,ten,C,No,First-Time,?????,,,,,,,
North-East,Flat,180000,2200,2023,6.4,5,D,NO,First-Time,ROW_BREAK\nHERE,,,,,,,
East of England,Detached,540000,1530,2024,5.1,22,B,Yes,Upsizer,|inject|,,,,,,,
London,Flat,"Ł470,000",2680,2024,5,12,C,No,First-Time,????,,,,,,,
South East,Semi-Detached,440000,2120,2023,6.1,15,B,No,Upsizer,</html>,,,,,,,
North west,Detached,405000,1460,2024,5.3,18,C,Yes,Investor,undefined,,,,,,,
Yorkshire,Terraced,255000,2200,2023,6.5,10,D,No,First-Time,??,,,,,,,
East midlands,Semi-Detached,345000,1620,2024,5.4,14,C,No,Upsizer,NaN,,,,,,,
West Midlands,Flat,240000,2230,2024,5.3,7,D,No,First-Time,ROW_SPLIT\nROW_SPLIT,,,,,,,
South West,Detached,510000,1450,2023,6.2,20,B,Yes,Investor,????,,,,,,,
North East,Terraced,225000,1880,2024,5.3,6,D,No,First-Time,SQL:{DELETE FROM Houses;},,,,,,,
East of England,Flat,290000,2510,2024,5.2,10,C,No,First-Time,random_text,,,,,,,
London,Terraced,580000,2300,2024,5.1,15,B,No,Upsizer,"{""broken"":true}",,,,,,,
South East,Detached,600000,1650,2024,5.3,22,A,Yes,Investor,????,,,,,,,
North West,Flat,218000,2500,2023,6.4,5,D,No,First-Time,ROW_INSIDE,,,,,,,
Yorkshire,Detached,395000,1400,2024,5.4,20,B,Yes,Upsizer,|pipe|chaos|,,,,,,,
East Midlands,Terraced,295000,1940,2023,6.5,10,C,No,First-Time,</broken>,,,,,,,
West Midlands,Semi-Detached,355000,1700,2024,5.3,18,B,No,Upsizer,??,,,,,,,
South West,Flat,280000,2330,2024,5.2,12,C,No,First-Time,,,,,,,,
North East,Detached,350000,1120,2023,6.6,25,B,Yes,Investor,ŁŁŁ,,,,,,,
East of England,Semi-Detached,420000,1950,2024,5.2,15,B,No,Upsizer,<tag>broken<tag>,,,,,,,
London,Detached,830000,1620,2023,6,20,A,Yes,Investor,???,,,,,,,
South East,Terraced,380000,2400,2024,5.4,10,C,No,First-Time,???,,,,,,,
North West,Semi-Detached,315000,1980,2024,5.5,12,C,No,Upsizer,ROW\nBREAK,,,,,,,
Yorkshire,Flat,205000,2420,2023,6.6,5,D,No,First-Time,<script>alert(3)</script>,,,,,,,
East Midlands,Detached,435000,1210,2024,5.3,22,B,Yes,Investor,??,,,,,,,
West Midlands,Terraced,300000,2000,2023,6.4,10,C,No,First-Time,corrupt_value,,,,,,,
South West,Semi-Detached,390000,1850,2024,5.2,15,B,No,Upsizer,ROW_START\nROW_END,,,,,,,
North East,Flat,185000,2140,2024,5.4,8,D,No,First-Time,???,,,,,,,
East of England,Detached,540000,1550,2023,6.1,20,B,Yes,Investor,??,,,,,,,
London,Flat,460000,2700,2023,6,10,C,No,First-Time,EXTRA,FIELD,,,,,,
South East,Semi-Detached,450000,2150,2024,5.3,15,B,No,Upsizer,????,,,,,,,
North West,Terraced,270000,2300,2024,5.4,10,D,No,First-Time,broken,,comma,,,,,
Yorkshire,Detached,400000,1420,2023,6.2,20,B,Yes,Investor,,,,,,,,
East Midlands,Flat,235000,2180,2024,5.4,5,D,No,First-Time,??,,,,,,,
West Midlands,Detached,460000,1380,2024,5.2,20,B,Yes,Investor,ROW_START AGAIN,,,,,,,
South West,Terraced,345000,2080,2024,5.3,10,C,No,First-Time,</>,,,,,,,
North East,Semi-Detached,280000,1650,2023,6.5,12,C,No,Upsizer,??,,,,,,,
East of England,Flat,295000,2530,2023,6,10,C,No,First-Time,,,,,,,,
London,Terraced,575000,2320,2023,6.1,15,B,No,Upsizer,????,,,,,,,
South East,Detached,590000,1680,2023,6,22,A,Yes,Investor,,,,,,,,
North West,Flat,220000,2520,2024,5.4,5,D,No,First-Time,?,,,,,,,
Yorkshire,Semi-Detached,320000,1920,2024,5.5,12,C,No,Upsizer,,,,,,,,
East Midlands,Terraced,300000,1980,2024,5.4,10,C,No,First-Time,??,,,,,,,
West Midlands,Flat,240000,2250,2023,6.3,7,D,No,First-Time,,,,,,,,
South West,Detached,510000,1480,2024,5.1,20,B,Yes,Investor,??,,,,,,,
North East,Terraced,230000,1900,2023,6.6,6,D,No,First-Time,,,,,,,,
East of England,Semi-Detached,430000,1980,2023,6.1,15,B,No,Upsizer,,,,,,,,
London,Detached,825000,1650,2024,5,20,A,Yes,Investor,,,,,,,,
South East,Flat,320000,2350,2024,5.2,12,C,No,First-Time,,,,,,,,
North West,Semi-Detached,330000,2000,2023,6.3,14,C,No,Upsizer,,,,,,,,
Yorkshire,Flat,210000,2450,2024,5.4,5,D,No,First-Time,,,,,,,,
East Midlands,Detached,440000,1240,2023,6.2,22,B,Yes,Investor,,,,,,,,
West Midlands,Terraced,310000,2030,2024,5.5,10,C,No,First-Time,,,,,,,,
South West,Semi-Detached,400000,1880,2023,6.1,15,B,No,Upsizer,,,,,,,,
North East,Flat,185000,2160,2023,6.4,8,D,No,First-Time,,,,,,,,
East of England,Detached,550000,1580,2024,5.1,20,B,Yes,Investor,,,,,,,,
London,Flat,470000,2720,2024,5,10,C,No,First-Time,,,,,,,,
South East,Semi-Detached,455000,2180,2023,6,15,B,No,Upsizer,,,,,,,,
North West,Terraced,275000,2330,2023,6.3,10,D,No,First-Time,,,,,,,,
Yorkshire,Detached,405000,1450,2024,5.4,20,B,Yes,Investor,,,,,,,,
East Midlands,Flat,240000,2200,2023,6.5,8,D,No,First-Time,,,,,,,,
West Midlands,Detached,470000,1400,2023,6.2,20,B,Yes,Investor,,,,,,,,
South West,Terraced,350000,2100,2023,6.1,10,C,No,First-Time,,,,,,,,
North East,Semi-Detached,285000,1680,2024,5.4,12,C,No,Upsizer,,,,,,,,
East of England,Flat,300000,2550,2024,5.2,10,C,No,First-Time,,,,,,,,
London,Terraced,585000,2350,2024,5.1,15,B,No,Upsizer,,,,,,,,
South East,Detached,610000,1700,2024,5.3,22,A,Yes,Investor,,,,,,,,
North West,Flat,225000,2550,2023,6.4,5,D,No,First-Time,,,,,,,,
Yorkshire,Semi-Detached,325000,1950,2024,5.5,12,C,No,Upsizer,,,,,,,,
East Midlands,Terraced,310000,2000,2023,6.6,10,C,No,First-Time,,,,,,,,
West Midlands,Flat,250000,2280,2024,5.3,7,D,No,First-Time,,,,,,,,
South West,Detached,520000,1500,2023,6,20,B,Yes,Investor,,,,,,,,
North East,Terraced,240000,1930,2024,5.3,6,D,No,First-Time,,,,,,,,
East of England,Semi-Detached,440000,2000,2024,5.2,15,B,No,Upsizer,,,,,,,,
London,Detached,840000,1680,2023,6.1,20,A,Yes,Investor,,,,,,,,
South East,Flat,325000,2380,2023,6,12,C,No,First-Time,,,,,,,,
North West,Semi-Detached,340000,2030,2024,5.4,14,C,No,Upsizer,,,,,,,,
Yorkshire,Flat,220000,2480,2023,6.5,5,D,No,First-Time,,,,,,,,
East Midlands,Detached,450000,1260,2024,5.3,22,B,Yes,Investor,,,,,,,,
West Midlands,Terraced,320000,2050,2023,6.4,10,C,No,First-Time,,,,,,,,
South West,Semi-Detached,405000,1900,2024,5.2,15,B,No,Upsizer,,,,,,,,
North East,Flat,195000,2180,2024,5.4,8,D,No,First-Time,,,,,,,,
East of England,Detached,560000,1600,2023,6.1,20,B,Yes,Investor,,,,,,,,
East Midrealm,Flat?,approx 4e5,2250?,pre?pandemic,6.5??,eight,D-,No,First-Time?,###GLITCH###,,,,,,,
West midlands??,Detached??,Ł470k??,14OO??,20??,APR???,twenty,B?,Yes??,investor??,<xml><dimension_break>,,,,,,,
South Westish,Terraced??,Ą3,500,0,2050?,2024ish,5.3??,ten??,C??,No??,First-Time??,??????????,,,,,
North?East?ish,Flat??,Ł???,22OO??,2023ish,6.4??,five??,D??,NO??,First-Time??,,,,,,,,
East of Everywhere,Detached??,?7,0,0,1530?,20X4,5.1??,twenty-two,B??,Yes??,Upsizer??,|inject_reality|,,,,,
London++,Flat??,Ł4?9?0?0?0,2680ish,20O24,5??,twelve??,C??,No??,First-Time??,????,,,,,,,
South Eastish,Semi?Detached??,Ł44O,OOO??,2120ish,2023ish,6.1??,fifteen??,B??,No??,Upsizer??,</html><broken>,,,,,,
North west++,Detached??,€410000??,1460??,20X3,5.3??,eighteen??,C??,Yes??,Investor??,undefined??!,,,,,,,
Yorkshyre,Terraced??,Ł26O,OOO??,22OO??,2023ish,6.5??,ten??,D??,No??,First-Time??,????,,,,,,
East midlands??,Semi?Detached??,Ł355k??,1620ish,20??,5.4??,fourteen??,C??,No??,Upsizer??,NaN??!,,,,,,,
West Midlands??,Flat??,Ł250k??,2230ish,2024ish,5.3??,seven??,D??,No??,First-Time??,ROW_SPLIT\nROW_SPLIT\nROW_SPLIT,,,,,,,
South West++,Detached??,?0.29,1450ish,2023ish,6.2??,twenty??,B??,Yes??,Investor??,????????,,,,,,,
North East++,Terraced??,Ł23O,OOO??,1880ish,2024ish,5.3??,six??,D??,No??,First-Time??,SQL:{DROP UNIVERSE;},,,,,,
East of England??,Flat??,approx 3.1e5,2510ish,20X4,5.2??,ten??,C??,No??,First-Time??,random_text??!,,,,,,,
London???,Terraced??,Ł6OO,OOO??,23OO??,20X4,5.1??,fifteen??,B??,No??,Upsizer??,"{""broken"":""dimension""}",,,,,,
South East??,Detached??,Ł62O,OOO??,1650ish,20X4,5.3??,twenty-two??,A??,Yes??,Investor??,????????,,,,,,
North Westish,Flat??,Ł23O,OOO??,25OO??,2023ish,6.4??,five??,D??,No??,First-Time??,ROW_INSIDE\nPORTAL,,,,,,
Yorkshyre++,Detached??,Ł415k??,14OO??,20X4,5.4??,twenty??,B??,Yes??,Upsizer??,|pipe|chaos|entropy|,,,,,,,
East Midlands??,Terraced??,Ł3O5,OOO??,1940ish,2023ish,6.5??,ten??,C??,No??,First-Time??,</broken_reality>,,,,,,
West Midlands++,Semi?Detached??,Ł36O,OOO??,17OO??,2024ish,5.3??,eighteen??,B??,No??,Upsizer??,??????,,,,,,
South West??,Flat??,Ł3OO,OOO??,2330ish,20X4,5.2??,twelve??,C??,No??,First-Time??,NULL_FIELD,,,,,,
North East???,Detached??,?0.31,1120ish,2023ish,6.6??,twenty-five??,B??,Yes??,Investor??,ŁŁŁŁŁ,,,,,,,
East of England++,Semi?Detached??,Ł44O,OOO??,1950ish,20X4,5.2??,fifteen??,B??,No??,Upsizer??,<tag>broken<tag><tag>,,,,,,
London?,Detached??,Ł8?6?0?k??,1620ish,20X3,6??,twenty??,A??,Yes??,Investor??,?????????,,,,,,,
South East++,Terraced??,Ł4OO,OOO??,24OO??,20X4,5.4??,ten??,C??,No??,First-Time??,???,,,,,,
North West??,Semi?Detached??,Ł32O,OOO??,1980ish,2024ish,5.5??,twelve??,C??,No??,Upsizer??,ROW\nBREAK\nREALITY,,,,,,
Yorkshyre??,Flat??,Ł21O,OOO??,2420ish,2023ish,6.6??,five??,D??,No??,First-Time??,<script>alert('dimension')</script>,,,,,,
East Midlands++,Detached??,Ł45O,OOO??,1210ish,20X4,5.3??,twenty-two??,B??,Yes??,Investor??,????,,,,,,
West Midlands??,Terraced??,Ł31O,OOO??,2OOO??,2023ish,6.4??,ten??,C??,No??,First-Time??,corrupt_value??!,,,,,,
South West?,Semi?Detached??,Ł41O,OOO??,1850ish,2024ish,5.2??,fifteen??,B??,No??,Upsizer??,ROW_START\nROW_END\nROW_VOID,,,,,,
North East??,Flat??,Ł19O,OOO??,2140ish,2024ish,5.4??,eight??,D??,No??,First-Time??,?????,,,,,,
East of England?,Detached??,?0.33,1550ish,2023ish,6.1??,twenty??,B??,Yes??,Investor??,????,,,,,,,
London??,Flat??,Ł5OO,OOO??,27OO??,2023ish,6??,ten??,C??,No??,First-Time??,EXTRA,FIELD,PORTAL,,,,
South East?,Semi?Detached??,Ł48O,OOO??,2150ish,2024ish,5.3??,fifteen??,B??,No??,Upsizer??,????????,,,,,,
North West?,Terraced??,Ł3OO,OOO??,23OO??,2024ish,5.4??,ten??,D??,No??,First-Time??,broken,,comma,,void,,
Yorkshyre?,Detached??,Ł43O,OOO??,1420ish,2023ish,6.2??,twenty??,B??,Yes??,Investor??,REALITY_GLITCH,,,,,,
East Midlands?,Flat??,Ł26O,OOO??,2180ish,2024ish,5.4??,five??,D??,No??,First-Time??,????,,,,,,
West Midlands?,Detached??,Ł49O,OOO??,1380ish,2024ish,5.2??,twenty??,B??,Yes??,Investor??,ROW_START AGAIN AGAIN,,,,,,
South West?,Terraced??,Ł36O,OOO??,2080ish,2024ish,5.3??,ten??,C??,No??,First-Time??,</> </> </>,,,,,,
North East?,Semi?Detached??,Ł29O,OOO??,1650ish,2023ish,6.5??,twelve??,C??,No??,Upsizer??,????,,,,,,
East of England?,Flat??,Ł31O,OOO??,2530ish,2023ish,6??,ten??,C??,No??,First-Time??,NULL,NULL,,,,,
London??,Terraced??,Ł6OO,OOO??,2320ish,2023ish,6.1??,fifteen??,B??,No??,Upsizer??,??????,,,,,,
South East??,Detached??,Ł62O,OOO??,1680ish,2023ish,6??,twenty-two??,A??,Yes??,Investor??,DIMENSION_FOLD,,,,,,
North West??,Flat??,Ł24O,OOO??,2520ish,2024ish,5.4??,five??,D??,No??,First-Time??,???,,,,,,
Yorkshyre??,Semi?Detached??,Ł33O,OOO??,1920ish,2024ish,5.5??,twelve??,C??,No??,Upsizer??,GLITCH_FIELD,,,,,,
East Midlands??,Terraced??,Ł31O,OOO??,1980ish,2024ish,5.4??,ten??,C??,No??,First-Time??,??????,,,,,,
West Midlands??,Flat??,Ł26O,OOO??,2250ish,2023ish,6.3??,seven??,D??,No??,First-Time??,BROKEN_JSON:{],,,,,,
South West??,Detached??,?0.41,1480ish,2024ish,5.1??,twenty??,B??,Yes??,Investor??,??????,,,,,,,
North East??,Terraced??,Ł24O,OOO??,19OO??,2023ish,6.6??,six??,D??,No??,First-Time??,SQL:{ALTER REALITY;},,,,,,
East of England??,Semi?Detached??,Ł45O,OOO??,1980ish,2023ish,6.1??,fifteen??,B??,No??,Upsizer??,HTML:<void>,,,,,,
London???,Detached??,Ł9?0?0?k??,1650ish,20X4,5??,twenty??,A??,Yes??,Investor??,????????????,,,,,,,
Ye Olde Midlands++,Semi?Detached?ish??,Ł4OO,OOO???,1980???,199X???,5.two???,fifteen???,c???,<null?>,Upsizer???,??????,,,,,,
East Midrealm++,Flat???,approx 4.2e5???,2250???,pre?collapse,6.5???,eight???,D-???,No???,First-Time???,###GLITCH###GLITCH,,,,,,,
West midlands Prime??,Detached???,Ł480k???,14OO???,20???,APR???%,twenty???,B???,Yes???,investor???,<xml><dimension_rip>,,,,,,,
South Westish++,Terraced???,?3,900,0,2050???,2024ish???,5.3???,ten???,C???,No???,First-Time???,???????????????,,,,,
North?East?ish++,Flat???,Ł????,22OO???,2023ish???,6.4???,five???,D???,NO???,First-Time???,ROW_BREAK\nHERE\nAGAIN\nAGAIN,,,,,,,
East of Everywhere++,Detached???,?0.77,1530???,20X4???,5.1???,twenty-two???,B???,Yes???,Upsizer???,|inject_reality|again,,,,,,,
London+++,Flat???,Ł4?9?5?0?0?0,2680ish???,20O24???,5???,twelve???,C???,No???,First-Time???,??????,,,,,,,
South Eastish++,Semi?Detached???,Ł45O,OOO???,2120ish???,2023ish???,6.1???,fifteen???,B???,No???,Upsizer???,</html><broken><broken>,,,,,,
North west Prime,Detached???,€420000???,1460???,20X3???,5.3???,eighteen???,C???,Yes???,Investor???,undefined??!??!,,,,,,,
Yorkshyre Prime,Terraced???,Ł27O,OOO???,22OO???,2023ish???,6.5???,ten???,D???,No???,First-Time???,??????,,,,,,
East midlands Prime,Semi?Detached???,Ł36O,OOO???,1620ish???,20???,5.4???,fourteen???,C???,No???,Upsizer???,NaN??!??!,,,,,,
West Midlands Prime,Flat???,Ł26O,OOO???,2230ish???,2024ish???,5.3???,seven???,D???,No???,First-Time???,ROW_SPLIT\nROW_SPLIT\nROW_SPLIT\nROW_SPLIT,,,,,,
South West++,Detached???,?0.33,1450ish???,2023ish???,6.2???,twenty???,B???,Yes???,Investor???,??????????,,,,,,,
North East Prime,Terraced???,Ł24O,OOO???,1880ish???,2024ish???,5.3???,six???,D???,No???,First-Time???,SQL:{DROP TABLE multiverse;},,,,,,
East of England Prime,Flat???,approx 3.3e5???,2510ish???,20X4???,5.2???,ten???,C???,No???,First-Time???,random_text??!??!,,,,,,,
London Prime,Terraced???,Ł61O,OOO???,23OO???,20X4???,5.1???,fifteen???,B???,No???,Upsizer???,"{""broken"":""dimension""",tear:true},,,,,
South East Prime,Detached???,Ł63O,OOO???,1650ish???,20X4???,5.3???,twenty-two???,A???,Yes???,Investor???,??????????,,,,,,
North West++,Flat???,Ł24O,OOO???,25OO???,2023ish???,6.4???,five???,D???,No???,First-Time???,ROW_INSIDE\nPORTAL\nAGAIN,,,,,,
Yorkshyre++,Detached???,Ł42O,OOO???,14OO???,20X4???,5.4???,twenty???,B???,Yes???,Upsizer???,|pipe|chaos|entropy|void|,,,,,,
East Midlands++,Terraced???,Ł31O,OOO???,1940ish???,2023ish???,6.5???,ten???,C???,No???,First-Time???,</broken_reality><again>,,,,,,
West Midlands++,Semi?Detached???,Ł37O,OOO???,17OO???,2024ish???,5.3???,eighteen???,B???,No???,Upsizer???,????????,,,,,,
South West Prime,Flat???,Ł31O,OOO???,2330ish???,20X4???,5.2???,twelve???,C???,No???,First-Time???,NULL_FIELD??NULL,,,,,,
North East++,Detached???,?0.41,1120ish???,2023ish???,6.6???,twenty-five???,B???,Yes???,Investor???,ŁŁŁŁŁŁ,,,,,,,
East of England++,Semi?Detached???,Ł46O,OOO???,1950ish???,20X4???,5.2???,fifteen???,B???,No???,Upsizer???,<tag>broken<tag><tag><tag>,,,,,,
London???,Detached???,Ł9?2?0?k???,1620ish???,20X3???,6???,twenty???,A???,Yes???,Investor???,???????????????,,,,,,,
South East???,Terraced???,Ł41O,OOO???,24OO???,20X4???,5.4???,ten???,C???,No???,First-Time???,???!!!???,,,,,,
North West???,Semi?Detached???,Ł33O,OOO???,1980ish???,2024ish???,5.5???,twelve???,C???,No???,Upsizer???,ROW\nBREAK\nREALITY\nAGAIN,,,,,,
Yorkshyre???,Flat???,Ł22O,OOO???,2420ish???,2023ish???,6.6???,five???,D???,No???,First-Time???,<script>alert('void')</script>,,,,,,
East Midlands???,Detached???,Ł46O,OOO???,1210ish???,20X4???,5.3???,twenty-two???,B???,Yes???,Investor???,????????,,,,,,
West Midlands???,Terraced???,Ł32O,OOO???,2OOO???,2023ish???,6.4???,ten???,C???,No???,First-Time???,corrupt_value??!??!,,,,,,
South West???,Semi?Detached???,Ł42O,OOO???,1850ish???,2024ish???,5.2???,fifteen???,B???,No???,Upsizer???,ROW_START\nROW_END\nROW_VOID\nROW_VOID,,,,,,
North East???,Flat???,Ł2OO,OOO???,2140ish???,2024ish???,5.4???,eight???,D???,No???,First-Time???,???????,,,,,,
East of England???,Detached???,?0.55,1550ish???,2023ish???,6.1???,twenty???,B???,Yes???,Investor???,??????,,,,,,,
London?,Flat???,Ł52O,OOO???,27OO???,2023ish???,6???,ten???,C???,No???,First-Time???,EXTRA,FIELD,PORTAL,VOID,,,
South East?,Semi?Detached???,Ł49O,OOO???,2150ish???,2024ish???,5.3???,fifteen???,B???,No???,Upsizer???,??????????,,,,,,
North West?,Terraced???,Ł31O,OOO???,23OO???,2024ish???,5.4???,ten???,D???,No???,First-Time???,broken,,comma,,void,,fracture
Yorkshyre?,Detached???,Ł44O,OOO???,1420ish???,2023ish???,6.2???,twenty???,B???,Yes???,Investor???,REALITY_GLITCH+++,,,,,,
East Midlands?,Flat???,Ł27O,OOO???,2180ish???,2024ish???,5.4???,five???,D???,No???,First-Time???,??????,,,,,,
West Midlands?,Detached???,Ł5OO,OOO???,1380ish???,2024ish???,5.2???,twenty???,B???,Yes???,Investor???,ROW_START AGAIN AGAIN AGAIN,,,,,,
South West?,Terraced???,Ł37O,OOO???,2080ish???,2024ish???,5.3???,ten???,C???,No???,First-Time???,</> </> </> </> </>,,,,,,
North East?,Semi?Detached???,Ł3OO,OOO???,1650ish???,2023ish???,6.5???,twelve???,C???,No???,Upsizer???,??????,,,,,,
East of England?,Flat???,Ł32O,OOO???,2530ish???,2023ish???,6???,ten???,C???,No???,First-Time???,NULL,NULL,NULL,,,,
London??,Detached???,Ł9?5?0?k???,1650ish???,20X4???,5???,twenty???,A???,Yes???,Investor???,??????????????????,,,,,,,
london ,Flat ,Ł455,0,2700,2024,5.00%,12,c ,no ,,,,,,,,
South east,Detached,590000,1,600,2024,5.30%,22%,A ,YES ,,,,,,,,
north west,Semi-detached ,305,0,1850,2024,5.4,14, C ,n ,,,,,,,,
York shire,Terraced,"Ł245,000",2,250,2024,5.5%?,10,d,No ,,,,,,,,
East midlands ,Flat,225000,2100,2024,5.40%, eight ,D ,No ,first-time buyer,,,,,,,,
West Midlands,Detached ,"Ł460,000",1,400,2024,5.2,20%,B ,Yes ,,,,,,,,
South west ,Semi Detached,375000,1750,2024,5.20%,15,b ,no ,UpSizer,,,,,,,,
North-East,Flat ,180,0,2150,2024,5.4,8,D ,NO ,,,,,,,,
East of england,Terraced ,330000,1,950,2024,5.30%,10,C ,No ,,,,,,,,
London ,Detached ,810,0,1650,2024,5.10%,20,A ,Yes ,,,,,,,,
south East ,Flat ,310000,2300,2024,5.2,12%,C ,no ,First time,,,,,,,,
North west,Terraced ,260000,2,400,2024,5.40%,10,D ,No ,,,,,,,,
Yorkshire ,Detached ,395000,1500,2024,5.4,20,b ,YES ,Upsizer,,,,,,,,
East Midlands ,Semi-Detached ,345,0,1800,2024,5.30%,18,B ,No ,,,,,,,,
West midlands ,Flat ,240000,2250,2024,5.3,7,d ,no ,First-Time,,,,,,,,
South West ,Detached ,500000,1,450,2024,5.10%,20%,B ,Yes ,,,,,,,,
North east,Terraced ,220000,1850,2024,5.40%,6,D ,No ,first time,,,,,,,,
East of England ,Detached ,540,0,1550,2024,5.1,20,B ,YES ,,,,,,,,
London,Terraced ,565000,2250,2024,5.10%,15,B ,No ,Up sizer,,,,,,,,
South-East ,Semi Detached ,445000,2100,2024,5.30%,15%,b ,no ,Upsizer,,,,,,,,
London ,flat ,Ł460,0,2,750,2024,5.00%,12,C ,no ,First-Time,,,,,,
south east,Detached ,600000,1700,2024,5.30%,22,A ,YES ,investor,,,,,,,,
North west ,Semi Detached ,315000,1,900,2024,5.40%,14,c ,No ,Upsizer,,,,,,,
Yorkshire,Terraced ,"Ł250,000",2300,2024,5.5,10,D ,no ,first time,,,,,,,,
East midlands ,flat ,230000,2,150,2024,5.40%,8,D ,No ,First-Time,,,,,,,
West Midlands ,Detached ,470000,1450,2024,5.2,20%,B ,Yes ,Investor,,,,,,,,
south west ,Semi-detached ,380000,1,800,2024,5.20%,15,B ,no ,Upsizer,,,,,,,
North east ,Flat ,185000,2200,2024,5.4,8,d ,NO ,first-time,,,,,,,,
East of England ,Terraced ,335000,2000,2024,5.30%,10,C ,No ,First time,,,,,,,,
London ,Detached ,820000,1700,2024,5.1,20,A ,Yes ,Investor,,,,,,,,
South east ,Flat ,315000,2,350,2024,5.20%,12,C ,no ,First-Time,,,,,,,
North West ,Terraced ,Ł265,0,2,450,2024,5.40%,10,D ,No ,first time,,,,,,
York shire ,Detached ,400000,1550,2024,5.4,20,B ,YES ,Upsizer,,,,,,,,
East Midlands ,Semi Detached ,350000,1850,2024,5.30%,18,B ,No ,Upsizer,,,,,,,,
west midlands ,Flat ,245000,2300,2024,5.3,7,D ,no ,First-Time,,,,,,,,
South-West ,Detached ,510000,1500,2024,5.10%,20,B ,Yes ,Investor,,,,,,,,
North east ,Terraced ,225000,1,900,2024,5.40%,6,D ,No ,first time,,,,,,,
East-of-england ,Detached ,550000,1600,2024,5.1,20%,B ,YES ,Investor,,,,,,,,
London ,Terraced ,575000,2,300,2024,5.10%,15,B ,No ,Upsizer,,,,,,,
South East ,Semi-Detached ,450000,2150,2024,5.3,15,B ,no ,Upsizer,,,,,,,,
london,Flat ,"Ł465,000",2800,2024,5.00%,12,c ,no ,first time,,,,,,,,
South east ,Detached ,610000,1750,2024,5.3,22%,A ,YES ,Investor,,,,,,,,
North West ,Semi-detached ,320000,1950,2024,5.40%,14,C ,No ,Upsizer,,,,,,,,
Yorkshire ,Terraced ,255000,2,350,2024,5.5,10,D ,no ,First-Time,,,,,,,
East midlands ,Flat ,235000,2200,2024,5.40%,8,D ,No ,first time buyer,,,,,,,,
West Midlands ,Detached ,480000,1500,2024,5.2,20,B ,Yes ,Investor,,,,,,,,
South west ,Semi Detached ,385000,1850,2024,5.20%,15,b ,no ,Upsizer,,,,,,,,
North-East ,Flat ,190000,2250,2024,5.4,8,D ,NO ,First-Time,,,,,,,,
East of england ,Terraced ,340000,2050,2024,5.30%,10,C ,No ,first time,,,,,,,,
London ,Detached ,830000,1750,2024,5.1,20%,A ,Yes ,Investor,,,,,,,,
south East ,Flat ,320000,2400,2024,5.20%,12,C ,no ,First-Time,,,,,,,,
North west ,Terraced ,270000,2500,2024,5.4,10,D ,No ,first time,,,,,,,,
York shire ,Detached ,405000,1600,2024,5.40%,20,B ,YES ,Upsizer,,,,,,,,
East Midlands ,Semi Detached ,355000,1900,2024,5.3,18,B ,No ,Upsizer,,,,,,,,
West midlands ,Flat ,250000,2350,2024,5.30%,7,d ,no ,First-Time,,,,,,,,
South West ,Detached ,520000,1550,2024,5.1,20,B ,Yes ,Investor,,,,,,,,
North east ,Terraced ,230000,1950,2024,5.40%,6,D ,No ,first time,,,,,,,,
East-of-England ,Detached ,560000,1650,2024,5.10%,20,B ,YES ,Investor,,,,,,,,
London ,Terraced ,585000,2350,2024,5.1,15,B ,No ,Upsizer,,,,,,,,
South East ,Semi Detached ,455000,2200,2024,5.30%,15,B ,no ,Upsizer,,,,,,,,
London ,flat ,Ł470,0,2,850,2024,5.00%,12,C ,no ,First time,,,,,,
south east ,Detached ,620000,1800,2024,5.30%,22,A ,YES ,Investor,,,,,,,,
North west ,Semi Detached ,325000,2000,2024,5.4,14,c ,No ,Upsizer,,,,,,,,
Yorkshire ,Terraced ,260000,2,400,2024,5.50%,10,D ,no ,first-time,,,,,,,
East midlands ,Flat ,240000,2250,2024,5.40%,8,D ,No ,First-Time,,,,,,,,
West Midlands ,Detached ,490000,1550,2024,5.2,20%,B ,Yes ,Investor,,,,,,,,
South west ,Semi-detached ,390000,1900,2024,5.20%,15,B ,no ,Upsizer,,,,,,,,
North east ,Flat ,195000,2300,2024,5.4,8,d ,NO ,first time,,,,,,,,
East of england ,Terraced ,345000,2100,2024,5.30%,10,C ,No ,First time,,,,,,,,
London ,Detached ,840000,1800,2024,5.1,20,A ,Yes ,Investor,,,,,,,,
South east ,Flat ,325000,2450,2024,5.20%,12,C ,no ,First-Time,,,,,,,,
North West ,Terraced ,Ł275,0,2550,2024,5.40%,10,D ,No ,first time,,,,,,,
York shire ,Detached ,410000,1650,2024,5.4,20,B ,YES ,Upsizer,,,,,,,,
East Midlands ,Semi Detached ,360000,1950,2024,5.30%,18,B ,No ,Upsizer,,,,,,,,
west midlands ,Flat ,255000,2400,2024,5.3,7,D ,no ,First-Time,,,,,,,,
South-West ,Detached ,530000,1600,2024,5.10%,20,B ,Yes ,Investor,,,,,,,,
North east ,Terraced ,235000,2000,2024,5.40%,6,D ,No ,first time,,,,,,,,
East-of-england ,Detached ,570000,1700,2024,5.1,20%,B ,YES ,Investor,,,,,,,,
London ,Terraced ,595000,2400,2024,5.10%,15,B ,No ,Upsizer,,,,,,,,
South East ,Semi-Detached ,460000,2250,2024,5.3,15,B ,no ,Upsizer,,,,,,,,
london ,Flat ,"Ł475,000",2900,2024,5.00%,12,c ,no ,first time,,,,,,,,
South east ,Detached ,630000,1850,2024,5.3,22%,A ,YES ,Investor,,,,,,,,
North West ,Semi-detached ,330000,2050,2024,5.40%,14,C ,No ,Upsizer,,,,,,,,
Yorkshire ,Terraced ,265000,2,450,2024,5.5,10,D ,no ,First-Time,,,,,,,
East midlands ,Flat ,245000,2300,2024,5.40%,8,D ,No ,first time buyer,,,,,,,,
West Midlands ,Detached ,495000,1600,2024,5.2,20,B ,Yes ,Investor,,,,,,,,
South west ,Semi Detached ,395000,1950,2024,5.20%,15,b ,no ,Upsizer,,,,,,,,
North-East ,Flat ,200000,2350,2024,5.4,8,D ,NO ,First-Time,,,,,,,,
East of england ,Terraced ,350000,2150,2024,5.30%,10,C ,No ,first time,,,,,,,,
London ,Detached ,850000,1850,2024,5.1,20%,A ,Yes ,Investor,,,,,,,,
south East ,Flat ,330000,2500,2024,5.20%,12,C ,no ,First-Time,,,,,,,,
North west ,Terraced ,280000,2600,2024,5.4,10,D ,No ,first time,,,,,,,,
York shire ,Detached ,415000,1700,2024,5.40%,20,B ,YES ,Upsizer,,,,,,,,
East Midlands ,Semi Detached ,365000,2000,2024,5.3,18,B ,No ,Upsizer,,,,,,,,
West midlands ,Flat ,260000,2450,2024,5.30%,7,d ,no ,First-Time,,,,,,,,
South West ,Detached ,540000,1650,2024,5.1,20,B ,Yes ,Investor,,,,,,,,
North east ,Terraced ,240000,2050,2024,5.40%,6,D ,No ,first time,,,,,,,,
East-of-England ,Detached ,580000,1750,2024,5.10%,20,B ,YES ,Investor,,,,,,,,
London ,Terraced ,605000,2450,2024,5.1,15,B ,No ,Upsizer,,,,,,,,
South East ,Semi Detached ,465000,2300,2024,5.30%,15,B ,no ,Upsizer,,,,,,,,
london ,Flat ,"Ł475,000",2900,2024,5.00%,12,c ,no ,first time,,,,,,,,
South east ,Detached ,630000,1850,2024,5.3,22%,A ,YES ,Investor,,,,,,,,
North West ,Semi-detached ,330000,2050,2024,5.40%,14,C ,No ,Upsizer,,,,,,,,
Yorkshire ,Terraced ,265000,2,450,2024,5.5,10,D ,no ,First-Time,,,,,,,
East midlands ,Flat ,245000,2300,2024,5.40%,8,D ,No ,first time buyer,,,,,,,,
West Midlands ,Detached ,495000,1600,2024,5.2,20,B ,Yes ,Investor,,,,,,,,
South west ,Semi Detached ,395000,1950,2024,5.20%,15,b ,no ,Upsizer,,,,,,,,
North-East ,Flat ,200000,2350,2024,5.4,8,D ,NO ,First-Time,,,,,,,,
East of england ,Terraced ,350000,2150,2024,5.30%,10,C ,No ,first time,,,,,,,,
London ,Detached ,850000,1850,2024,5.1,20%,A ,Yes ,Investor,,,,,,,,
south East ,Flat ,330000,2500,2024,5.20%,12,C ,no ,First-Time,,,,,,,,
North west ,Terraced ,280000,2600,2024,5.4,10,D ,No ,first time,,,,,,,,
York shire ,Detached ,415000,1700,2024,5.40%,20,B ,YES ,Upsizer,,,,,,,,
East Midlands ,Semi Detached ,365000,2000,2024,5.3,18,B ,No ,Upsizer,,,,,,,,
West midlands ,Flat ,260000,2450,2024,5.30%,7,d ,no ,First-Time,,,,,,,,
South West ,Detached ,540000,1650,2024,5.1,20,B ,Yes ,Investor,,,,,,,,
North east ,Terraced ,240000,2050,2024,5.40%,6,D ,No ,first time,,,,,,,,
East-of-England ,Detached ,580000,1750,2024,5.10%,20,B ,YES ,Investor,,,,,,,,
London ,Terraced ,605000,2450,2024,5.1,15,B ,No ,Upsizer,,,,,,,,
South East ,Semi Detached ,465000,2300,2024,5.30%,15,B ,no ,Upsizer,,,,,,,,
london ,Flat ,"Ł475,000",2900,2024,5.00%,12,c ,no ,first time,,,,,,,,
South east ,Detached ,630000,1850,2024,5.3,22%,A ,YES ,Investor,,,,,,,,
North West ,Semi-detached ,330000,2050,2024,5.40%,14,C ,No ,Upsizer,,,,,,,,
Yorkshire ,Terraced ,265000,2,450,2024,5.5,10,D ,no ,First-Time,,,,,,,
East midlands ,Flat ,245000,2300,2024,5.40%,8,D ,No ,first time buyer,,,,,,,,
West Midlands ,Detached ,495000,1600,2024,5.2,20,B ,Yes ,Investor,,,,,,,,
South west ,Semi Detached ,395000,1950,2024,5.20%,15,b ,no ,Upsizer,,,,,,,,
North-East ,Flat ,200000,2350,2024,5.4,8,D ,NO ,First-Time,,,,,,,,
East of england ,Terraced ,350000,2150,2024,5.30%,10,C ,No ,first time,,,,,,,,
London ,Detached ,850000,1850,2024,5.1,20%,A ,Yes ,Investor,,,,,,,,
south East ,Flat ,330000,2500,2024,5.20%,12,C ,no ,First-Time,,,,,,,,
North west ,Terraced ,280000,2600,2024,5.4,10,D ,No ,first time,,,,,,,,
York shire ,Detached ,415000,1700,2024,5.40%,20,B ,YES ,Upsizer,,,,,,,,
East Midlands ,Semi Detached ,365000,2000,2024,5.3,18,B ,No ,Upsizer,,,,,,,,
West midlands ,Flat ,260000,2450,2024,5.30%,7,d ,no ,First-Time,,,,,,,,
South West ,Detached ,540000,1650,2024,5.1,20,B ,Yes ,Investor,,,,,,,,
North east ,Terraced ,240000,2050,2024,5.40%,6,D ,No ,first time,,,,,,,,
East-of-England ,Detached ,580000,1750,2024,5.10%,20,B ,YES ,Investor,,,,,,,,
London ,Terraced ,605000,2450,2024,5.1,15,B ,No ,Upsizer,,,,,,,,
South East ,Semi Detached ,465000,2300,2024,5.30%,15,B ,no ,Upsizer,,,,,,,,
London ,flat ,Ł485,0,3050,2024,5.00%,12,C ,no ,First time,,,,,,,
south east ,Detached ,650000,2000,2024,5.30%,22,A ,YES ,Investor,,,,,,,,
North west ,Semi Detached ,340000,2200,2024,5.4,14,c ,No ,Upsizer,,,,,,,,
Yorkshire ,Terraced ,275000,2,600,2024,5.50%,10,D ,no ,first-time,,,,,,,
East midlands ,Flat ,255000,2450,2024,5.40%,8,D ,No ,First-Time,,,,,,,,
West Midlands ,Detached ,510000,1750,2024,5.2,20%,B ,Yes ,Investor,,,,,,,,
South west ,Semi-detached ,405000,2100,2024,5.20%,15,B ,no ,Upsizer,,,,,,,,
North east ,Flat ,210000,2500,2024,5.4,8,d ,NO ,first time,,,,,,,,
East of england ,Terraced ,360000,2300,2024,5.30%,10,C ,No ,First time,,,,,,,,
London ,Detached ,870000,2000,2024,5.1,20,A ,Yes ,Investor,,,,,,,,
South east ,Flat ,340000,2650,2024,5.20%,12,C ,no ,First-Time,,,,,,,,
North West ,Terraced ,Ł290,0,2750,2024,5.40%,10,D ,No ,first time,,,,,,,
York shire ,Detached ,425000,1850,2024,5.4,20,B ,YES ,Upsizer,,,,,,,,
East Midlands ,Semi Detached ,375000,2150,2024,5.30%,18,B ,No ,Upsizer,,,,,,,,
west midlands ,Flat ,270000,2600,2024,5.3,7,D ,no ,First-Time,,,,,,,,
South-West ,Detached ,560000,1800,2024,5.10%,20,B ,Yes ,Investor,,,,,,,,
North east ,Terraced ,250000,2200,2024,5.40%,6,D ,No ,first time,,,,,,,,
East-of-england ,Detached ,600000,1900,2024,5.1,20%,B ,YES ,Investor,,,,,,,,
London ,Terraced ,625000,2600,2024,5.10%,15,B ,No ,Upsizer,,,,,,,,
South East ,Semi-Detached ,475000,2450,2024,5.3,15,B ,no ,Upsizer,,,,,,,,
london ,Flat ,"Ł488,000",3100,2024,5.00%,12,c ,no ,first time,,,,,,,,
South east ,Detached ,655000,2050,2024,5.3,22%,A ,YES ,Investor,,,,,,,,
North West ,Semi-detached ,345000,2250,2024,5.40%,14,C ,No ,Upsizer,,,,,,,,
Yorkshire ,Terraced ,278000,2,650,2024,5.5,10,D ,no ,First-Time,,,,,,,
East midlands ,Flat ,258000,2500,2024,5.40%,8,D ,No ,first time buyer,,,,,,,,
West Midlands ,Detached ,515000,1800,2024,5.2,20,B ,Yes ,Investor,,,,,,,,
South west ,Semi Detached ,408000,2150,2024,5.20%,15,b ,no ,Upsizer,,,,,,,,
North-East ,Flat ,212000,2550,2024,5.4,8,D ,NO ,First-Time,,,,,,,,
East of england ,Terraced ,362000,2350,2024,5.30%,10,C ,No ,first time,,,,,,,,
London ,Detached ,875000,2050,2024,5.1,20%,A ,Yes ,Investor,,,,,,,,
south East ,Flat ,343000,2700,2024,5.20%,12,C ,no ,First-Time,,,,,,,,
North west ,Terraced ,292000,2800,2024,5.4,10,D ,No ,first time,,,,,,,,
York shire ,Detached ,428000,1900,2024,5.40%,20,B ,YES ,Upsizer,,,,,,,,
East Midlands ,Semi Detached ,378000,2200,2024,5.3,18,B ,No ,Upsizer,,,,,,,,
West midlands ,Flat ,272000,2650,2024,5.30%,7,d ,no ,First-Time,,,,,,,,
South West ,Detached ,565000,1850,2024,5.1,20,B ,Yes ,Investor,,,,,,,,
North east ,Terraced ,252000,2250,2024,5.40%,6,D ,No ,first time,,,,,,,,
East-of-England ,Detached ,605000,1950,2024,5.10%,20,B ,YES ,Investor,,,,,,,,
London ,Terraced ,630000,2650,2024,5.1,15,B ,No ,Upsizer,,,,,,,,
South East ,Semi Detached ,478000,2500,2024,5.30%,15,B ,no ,Upsizer,,,,,,,,
London ,flat ,Ł490,0,3150,2024,5.00%,12,C ,no ,First time,,,,,,,
south east ,Detached ,660000,2100,2024,5.30%,22,A ,YES ,Investor,,,,,,,,
North west ,Semi Detached ,348000,2300,2024,5.4,14,c ,No ,Upsizer,,,,,,,,
Yorkshire ,Terraced ,280000,2,700,2024,5.50%,10,D ,no ,first-time,,,,,,,
East midlands ,Flat ,260000,2550,2024,5.40%,8,D ,No ,First-Time,,,,,,,,
West Midlands ,Detached ,520000,1850,2024,5.2,20%,B ,Yes ,Investor,,,,,,,,
South west ,Semi-detached ,410000,2200,2024,5.20%,15,B ,no ,Upsizer,,,,,,,,
North east ,Flat ,215000,2600,2024,5.4,8,d ,NO ,first time,,,,,,,,
East of england ,Terraced ,365000,2400,2024,5.30%,10,C ,No ,First time,,,,,,,,
London ,Detached ,880000,2100,2024,5.1,20,A ,Yes ,Investor,,,,,,,,
South east ,Flat ,345000,2750,2024,5.20%,12,C ,no ,First-Time,,,,,,,,
North West ,Terraced ,Ł295,0,2850,2024,5.40%,10,D ,No ,first time,,,,,,,
York shire ,Detached ,430000,1950,2024,5.4,20,B ,YES ,Upsizer,,,,,,,,
East Midlands ,Semi Detached ,380000,2250,2024,5.30%,18,B ,No ,Upsizer,,,,,,,,
west midlands ,Flat ,275000,2700,2024,5.3,7,D ,no ,First-Time,,,,,,,,
South-West ,Detached ,570000,1900,2024,5.10%,20,B ,Yes ,Investor,,,,,,,,
North east ,Terraced ,255000,2300,2024,5.40%,6,D ,No ,first time,,,,,,,,
East-of-england ,Detached ,610000,2000,2024,5.1,20%,B ,YES ,Investor,,,,,,,,
London ,Terraced ,635000,2700,2024,5.10%,15,B ,No ,Upsizer,,,,,,,,
South East ,Semi-Detached ,480000,2550,2024,5.3,15,B ,no ,Upsizer,,,,,,,,
london ,Flat ,"Ł492,000",3200,2024,5.00%,12,c ,no ,first time,,,,,,,,
South east ,Detached ,665000,2150,2024,5.3,22%,A ,YES ,Investor,,,,,,,,
North West ,Semi-detached ,350000,2350,2024,5.40%,14,C ,No ,Upsizer,,,,,,,,
Yorkshire ,Terraced ,282000,2,750,2024,5.5,10,D ,no ,First-Time,,,,,,,
East midlands ,Flat ,262000,2600,2024,5.40%,8,D ,No ,first time buyer,,,,,,,,
West Midlands ,Detached ,525000,1900,2024,5.2,20,B ,Yes ,Investor,,,,,,,,
South west ,Semi Detached ,412000,2250,2024,5.20%,15,b ,no ,Upsizer,,,,,,,,
North-East ,Flat ,218000,2650,2024,5.4,8,D ,NO ,First-Time,,,,,,,,
East of england ,Terraced ,368000,2450,2024,5.30%,10,C ,No ,first time,,,,,,,,
London ,Detached ,885000,2150,2024,5.1,20%,A ,Yes ,Investor,,,,,,,,
south East ,Flat ,348000,2800,2024,5.20%,12,C ,no ,First-Time,,,,,,,,
North west ,Terraced ,298000,2900,2024,5.4,10,D ,No ,first time,,,,,,,,
York shire ,Detached ,432000,2000,2024,5.40%,20,B ,YES ,Upsizer,,,,,,,,
East Midlands ,Semi Detached ,382000,2300,2024,5.3,18,B ,No ,Upsizer,,,,,,,,
West midlands ,Flat ,278000,2750,2024,5.30%,7,d ,no ,First-Time,,,,,,,,
South West ,Detached ,575000,1950,2024,5.1,20,B ,Yes ,Investor,,,,,,,,
North east ,Terraced ,258000,2350,2024,5.40%,6,D ,No ,first time,,,,,,,,
East-of-England ,Detached ,615000,2050,2024,5.10%,20,B ,YES ,Investor,,,,,,,,
London ,Terraced ,640000,2750,2024,5.1,15,B ,No ,Upsizer,,,,,,,,
South East ,Semi Detached ,482000,2600,2024,5.30%,15,B ,no ,Upsizer,,,,,,,,
London ,flat ,Ł495,0,3250,2024,5.00%,12,C ,no ,First time,,,,,,,
south east ,Detached ,670000,2200,2024,5.30%,22,A ,YES ,Investor,,,,,,,,
North west ,Semi Detached ,352000,2400,2024,5.4,14,c ,No ,Upsizer,,,,,,,,
Yorkshire ,Terraced ,285000,2,800,2024,5.50%,10,D ,no ,first-time,,,,,,,
East midlands ,Flat ,265000,2650,2024,5.40%,8,D ,No ,First-Time,,,,,,,,
West Midlands ,Detached ,530000,1950,2024,5.2,20%,B ,Yes ,Investor,,,,,,,,
South west ,Semi-detached ,415000,2300,2024,5.20%,15,B ,no ,Upsizer,,,,,,,,
North east ,Flat ,220000,2700,2024,5.4,8,d ,NO ,first time,,,,,,,,
East of england ,Terraced ,370000,2500,2024,5.30%,10,C ,No ,First time,,,,,,,,
London ,Detached ,890000,2200,2024,5.1,20,A ,Yes ,Investor,,,,,,,,
South east ,Flat ,350000,2850,2024,5.20%,12,C ,no ,First-Time,,,,,,,,
North West ,Terraced ,Ł300,0,2950,2024,5.40%,10,D ,No ,first time,,,,,,,
York shire ,Detached ,435000,2050,2024,5.4,20,B ,YES ,Upsizer,,,,,,,,
East Midlands ,Semi Detached ,385000,2350,2024,5.30%,18,B ,No ,Upsizer,,,,,,,,
west midlands ,Flat ,280000,2800,2024,5.3,7,D ,no ,First-Time,,,,,,,,
London,Flat,500000,3300,2024,5,12,C,No,First-Time,,,,,,,,
South East,Detached,675000,2650,2024,5.3,22,A,Yes,Investor,,,,,,,,
North West,Semi-Detached,355000,2450,2024,5.4,14,C,No,Upsizer,,,,,,,,
Yorkshire,Terraced,290000,2850,2024,5.5,10,D,No,First-Time,,,,,,,,
East Midlands,Flat,270000,2750,2024,5.4,8,D,No,First-Time,,,,,,,,
West Midlands,Detached,540000,2000,2024,5.2,20,B,Yes,Investor,,,,,,,,
South West,Semi-Detached,420000,2350,2024,5.2,15,B,No,Upsizer,,,,,,,,
North East,Flat,225000,2800,2024,5.4,8,D,No,First-Time,,,,,,,,
East of England,Terraced,380000,2550,2024,5.3,10,C,No,First-Time,,,,,,,,
London,Detached,900000,2250,2024,5.1,20,A,Yes,Investor,,,,,,,,
South East,Flat,360000,2900,2024,5.2,12,C,No,First-Time,,,,,,,,
North West,Terraced,310000,3000,2024,5.4,10,D,No,First-Time,,,,,,,,
Yorkshire,Detached,450000,2100,2024,5.4,20,B,Yes,Upsizer,,,,,,,,
East Midlands,Semi-Detached,395000,2500,2024,5.3,18,B,No,Upsizer,,,,,,,,
West Midlands,Flat,290000,2850,2024,5.3,7,D,No,First-Time,,,,,,,,
South West,Detached,590000,2050,2024,5.1,20,B,Yes,Investor,,,,,,,,
North East,Terraced,270000,2600,2024,5.4,6,D,No,First-Time,,,,,,,,
East of England,Detached,630000,2150,2024,5.1,20,B,Yes,Investor,,,,,,,,
London,Terraced,650000,2950,2024,5.1,15,B,No,Upsizer,,,,,,,,
South East,Semi-Detached,500000,2700,2024,5.3,15,B,No,Upsizer,,,,,,,,
London,Flat,505000,3350,2024,5,12,C,No,First-Time,,,,,,,,
South East,Detached,680000,2700,2024,5.3,22,A,Yes,Investor,,,,,,,,
North West,Semi-Detached,360000,2500,2024,5.4,14,C,No,Upsizer,,,,,,,,
Yorkshire,Terraced,295000,2900,2024,5.5,10,D,No,First-Time,,,,,,,,
East Midlands,Flat,275000,2800,2024,5.4,8,D,No,First-Time,,,,,,,,
West Midlands,Detached,545000,2050,2024,5.2,20,B,Yes,Investor,,,,,,,,
South West,Semi-Detached,425000,2400,2024,5.2,15,B,No,Upsizer,,,,,,,,
North East,Flat,230000,2850,2024,5.4,8,D,No,First-Time,,,,,,,,
East of England,Terraced,385000,2600,2024,5.3,10,C,No,First-Time,,,,,,,,
London,Detached,910000,2300,2024,5.1,20,A,Yes,Investor,,,,,,,,
South East,Flat,365000,2950,2024,5.2,12,C,No,First-Time,,,,,,,,
North West,Terraced,315000,3050,2024,5.4,10,D,No,First-Time,,,,,,,,
Yorkshire,Detached,455000,2150,2024,5.4,20,B,Yes,Upsizer,,,,,,,,
East Midlands,Semi-Detached,400000,2550,2024,5.3,18,B,No,Upsizer,,,,,,,,
West Midlands,Flat,295000,2900,2024,5.3,7,D,No,First-Time,,,,,,,,
South West,Detached,600000,2100,2024,5.1,20,B,Yes,Investor,,,,,,,,
North East,Terraced,275000,2650,2024,5.4,6,D,No,First-Time,,,,,,,,
East of England,Detached,640000,2200,2024,5.1,20,B,Yes,Investor,,,,,,,,
London,Terraced,660000,3000,2024,5.1,15,B,No,Upsizer,,,,,,,,
South East,Semi-Detached,505000,2750,2024,5.3,15,B,No,Upsizer,,,,,,,,
London,Flat,510000,3400,2024,5,12,C,No,First-Time,,,,,,,,
South East,Detached,685000,2750,2024,5.3,22,A,Yes,Investor,,,,,,,,
North West,Semi-Detached,365000,2550,2024,5.4,14,C,No,Upsizer,,,,,,,,
Yorkshire,Terraced,300000,2950,2024,5.5,10,D,No,First-Time,,,,,,,,
East Midlands,Flat,280000,2850,2024,5.4,8,D,No,First-Time,,,,,,,,
West Midlands,Detached,550000,2100,2024,5.2,20,B,Yes,Investor,,,,,,,,
South West,Semi-Detached,430000,2450,2024,5.2,15,B,No,Upsizer,,,,,,,,
North East,Flat,235000,2900,2024,5.4,8,D,No,First-Time,,,,,,,,
East of England,Terraced,390000,2650,2024,5.3,10,C,No,First-Time,,,,,,,,
London,Detached,920000,2350,2024,5.1,20,A,Yes,Investor,,,,,,,,
South East,Flat,370000,3000,2024,5.2,12,C,No,First-Time,,,,,,,,
North West,Terraced,320000,3100,2024,5.4,10,D,No,First-Time,,,,,,,,
Yorkshire,Detached,460000,2200,2024,5.4,20,B,Yes,Upsizer,,,,,,,,
East Midlands,Semi-Detached,405000,2600,2024,5.3,18,B,No,Upsizer,,,,,,,,
West Midlands,Flat,300000,2950,2024,5.3,7,D,No,First-Time,,,,,,,,
South West,Detached,610000,2150,2024,5.1,20,B,Yes,Investor,,,,,,,,
North East,Terraced,280000,2700,2024,5.4,6,D,No,First-Time,,,,,,,,
East of England,Detached,650000,2250,2024,5.1,20,B,Yes,Investor,,,,,,,,
London,Terraced,670000,3050,2024,5.1,15,B,No,Upsizer,,,,,,,,
South East,Semi-Detached,510000,2800,2024,5.3,15,B,No,Upsizer,,,,,,,,
London ,Flat,"Ł515,000",3405,2024,5.00%,12,C ,No ,First time,,,,,,,,
South East,Detached,690000,2760,2024,5.3,22%,A,Yes,Investor,,,,,,,,
North west,Semi-Detached,368000,2555,2024,5.40%,14,C ,no ,Upsizer,,,,,,,,
Yorkshire ,Terraced,302000,2960,2024,5.5,10,D ,No ,First-Time,,,,,,,,
East Midlands,Flat,282000,2860,2024,5.40%,8,D ,No ,first-time,,,,,,,,
West Midlands ,Detached,552000,2105,2024,5.2,20,B ,Yes ,Investor,,,,,,,,
South West,Semi Detached,432000,2460,2024,5.20%,15,B ,No ,Upsizer,,,,,,,,
North East ,Flat,236000,2910,2024,5.4,8,D ,No ,First-Time,,,,,,,,
East of england,Terraced,392000,2660,2024,5.30%,10,C ,No ,First time,,,,,,,,
London,Detached,925000,2360,2024,5.1,20,A ,Yes ,Investor,,,,,,,,
South east ,Flat,372000,3010,2024,5.20%,12,C ,No ,First-Time,,,,,,,,
North West ,Terraced,322000,3110,2024,5.4,10,D ,No ,first time,,,,,,,,
Yorkshire,Detached,462000,2210,2024,5.40%,20,B ,Yes ,Upsizer,,,,,,,,
East midlands,Semi-Detached,408000,2610,2024,5.3,18,B ,No ,Upsizer,,,,,,,,
West midlands,Flat,302000,2965,2024,5.30%,7,D ,No ,First-Time,,,,,,,,
South west ,Detached,615000,2160,2024,5.1,20,B ,Yes ,Investor,,,,,,,,
North east,Terraced,282000,2710,2024,5.40%,6,D ,No ,first time,,,,,,,,
East of England ,Detached,655000,2260,2024,5.1,20,B ,Yes ,Investor,,,,,,,,
London ,Terraced,675000,3060,2024,5.10%,15,B ,No ,Upsizer,,,,,,,,
South East ,Semi-Detached,512000,2810,2024,5.3,15,B ,No ,Upsizer,,,,,,,,
